[Licensing::Module] Trying to connect to existing licensing client channel...
[Licensing::IpcConnector] Successfully connected to: "LicenseClient-ASRock" at "2025-12-21T16:18:25.4687245Z"
Built from '6000.3/staging' branch; Version is '6000.3.2f1 (a9779f353c9b) revision 11106207'; Using compiler version '194234433'; Build Type 'Release'
OS: 'Windows 11  (10.0.26200) 64bit Professional' Language: 'ru' Physical Memory: 32478 MB
BatchMode: 1, IsHumanControllingUs: 0, StartBugReporterOnCrash: 0, Is64bit: 1
Date: 2025-12-21T16:18:25Z

COMMAND LINE ARGUMENTS:
D:\Unity\6000.3.2f1\Editor\Unity.exe
-adb2
-batchMode
-noUpm
-name
AssetImportWorker2
-projectPath
D:/Little Rush!
-logFile
Logs/AssetImportWorker2.log
-srvPort
64453
-licensingIpc
LicenseClient-ASRock
-job-worker-count
9
-background-job-worker-count
8
-gc-helper-count
1
-name
AssetImport
Successfully changed project path to: D:/Little Rush!
D:/Little Rush!
[UnityMemory] Configuration Parameters - Can be set up in boot.config
    "memorysetup-temp-allocator-size-nav-mesh-worker=65536"
    "memorysetup-temp-allocator-size-audio-worker=65536"
    "memorysetup-temp-allocator-size-gfx=262144"
    "memorysetup-allocator-temp-initial-block-size-main=262144"
    "memorysetup-allocator-temp-initial-block-size-worker=262144"
    "memorysetup-temp-allocator-size-background-worker=32768"
    "memorysetup-temp-allocator-size-job-worker=262144"
    "memorysetup-temp-allocator-size-preload-manager=33554432"
    "memorysetup-temp-allocator-size-gi-baking-worker=262144"
    "memorysetup-temp-allocator-size-gi-baking-worker=262144"
    "memorysetup-temp-allocator-size-gi-baking-worker=262144"
    "memorysetup-temp-allocator-size-gi-baking-worker=262144"
    "memorysetup-temp-allocator-size-gi-baking-worker=262144"
    "memorysetup-bucket-allocator-granularity=16"
    "memorysetup-bucket-allocator-bucket-count=8"
    "memorysetup-bucket-allocator-block-size=33554432"
    "memorysetup-bucket-allocator-block-count=8"
    "memorysetup-main-allocator-block-size=16777216"
    "memorysetup-thread-allocator-block-size=16777216"
    "memorysetup-gfx-main-allocator-block-size=16777216"
    "memorysetup-gfx-thread-allocator-block-size=16777216"
    "memorysetup-cache-allocator-block-size=4194304"
    "memorysetup-typetree-allocator-block-size=2097152"
    "memorysetup-profiler-bucket-allocator-granularity=16"
    "memorysetup-profiler-bucket-allocator-bucket-count=8"
    "memorysetup-profiler-bucket-allocator-block-size=33554432"
    "memorysetup-profiler-bucket-allocator-block-count=8"
    "memorysetup-profiler-allocator-block-size=16777216"
    "memorysetup-profiler-editor-allocator-block-size=1048576"
    "memorysetup-temp-allocator-size-main=16777216"
    "memorysetup-job-temp-allocator-block-size=2097152"
    "memorysetup-job-temp-allocator-block-size-background=1048576"
    "memorysetup-job-temp-allocator-reduction-small-platforms=262144"
    "memorysetup-temp-allocator-size-cloud-worker=32768"
Player connection [27244]  Target information:

Player connection [27244]  * "[IP] 192.168.100.10 [Port] 0 [Flags] 2 [Guid] 3231766178 [EditorId] 3231766178 [Version] 1048832 [Id] WindowsEditor(7,ASRock-PC27) [Debug] 1 [PackageName] WindowsEditor [ProjectName] Editor" 

Player connection [27244] Host joined multi-casting on [225.0.0.222:54997]...
Player connection [27244] Host joined alternative multi-casting on [225.0.0.222:34997]...
JobSystem: Creating JobQueue using job-worker-count value 9
Input System module state changed to: Initialized.
[Physics::Module] Initialized fallback backend.
[Physics::Module] Id: 0xdecafbad
Library Redirect Path: Library/
[Physics::Module] Selected backend.
[Physics::Module] Name: PhysX
[Physics::Module] Id: 0xf2b8ea05
[Physics::Module] SDK Version: 4.1.2
[Physics::Module] Integration Version: 1.0.0
[Physics::Module] Threading Mode: Multi-Threaded
Refreshing native plugins compatible for Editor in 1.43 ms, found 3 plugins.
Preloading 0 native plugins for Editor in 0.00 ms.
Initialize engine version: 6000.3.2f1 (a9779f353c9b)
[Subsystems] Discovering subsystems at path D:/Unity/6000.3.2f1/Editor/Data/Resources/UnitySubsystems
[Subsystems] Discovering subsystems at path D:/Little Rush!/Assets
GfxDevice: creating device client; kGfxThreadingModeNonThreaded
Direct3D:
    Version:  Direct3D 11.0 [level 11.1]
    Renderer: NVIDIA GeForce RTX 3070 Ti (ID=0x2482)
    Vendor:   NVIDIA
    VRAM:     8018 MB
    Driver:   32.0.15.7688
Initialize mono
Mono path[0] = 'D:/Unity/6000.3.2f1/Editor/Data/Managed'
Mono path[1] = 'D:/Unity/6000.3.2f1/Editor/Data/MonoBleedingEdge/lib/mono/unityjit-win32'
Mono config path = 'D:/Unity/6000.3.2f1/Editor/Data/MonoBleedingEdge/etc'
Using monoOptions --debugger-agent=transport=dt_socket,embedding=1,server=y,suspend=n,address=127.0.0.1:56036
Begin MonoManager ReloadAssembly
Registering precompiled unity dll's ...
Register platform support module: D:/Unity/6000.3.2f1/Editor/Data/PlaybackEngines/WindowsStandaloneSupport/UnityEditor.WindowsStandalone.Extensions.dll
[Licensing::Module] Licensing is not yet initialized.
[Licensing::Client] Handshaking with LicensingClient:
  Version:                 1.17.4+4293ba1
  Session Id:              1454517edb2d47d5bf3304486868571a
  Correlation Id:          1c4f656918f00876dd8519b55597177c
  External correlation Id: 5431668870769427138
  Machine Id:              ffyDOhg6qpus+wgZKyV83McTARk=
[Licensing::Module] Successfully connected to LicensingClient on channel: "LicenseClient-ASRock" (connect: 0.00s, validation: 0.00s, handshake: 1.48s)
[Licensing::IpcConnector] Successfully connected to: "LicenseClient-ASRock-notifications" at "2025-12-21T16:18:26.9525662Z"
[Licensing::Module] Licensing Background thread has ended after 1.48s
[Licensing::Module] Licensing is initialized (took 0.64s).
[Licensing::Client] Successfully resolved entitlement details
[Licensing::Module] License group:
  Id: F4-PG26-BGYS-M5XU-E2PJ-XXXX
  Product: Unity Personal
  Type: ULF
  Expiration: Unlimited
[Licensing::Module] License group:
  Id: 7971760023286-UnityPersXXXX
  Product: Unity Personal
  Type: Assigned
  Expiration: Unlimited
Register platform support module: D:/Unity/6000.3.2f1/Editor/Data/PlaybackEngines/MetroSupport/UnityEditor.UWP.Extensions.dll
Registered in 0.644797 seconds.
- Loaded All Assemblies, in  1.074 seconds
Native extension for UWP target not found
Native extension for WindowsStandalone target not found
Mono: successfully reloaded assembly
- Finished resetting the current domain, in  0.328 seconds
Domain Reload Profiling: 1402ms
	BeginReloadAssembly (236ms)
		ExecutionOrderSort (0ms)
		DisableScriptedObjects (0ms)
		BackupInstance (0ms)
		ReleaseScriptingObjects (0ms)
		CreateAndSetChildDomain (1ms)
	RebuildCommonClasses (27ms)
	RebuildNativeTypeToScriptingClass (13ms)
	initialDomainReloadingComplete (674ms)
	LoadAllAssembliesAndSetupDomain (124ms)
		LoadAssemblies (236ms)
		RebuildTransferFunctionScriptingTraits (0ms)
		AnalyzeDomain (121ms)
			TypeCache.Refresh (120ms)
				TypeCache.ScanAssembly (109ms)
			BuildScriptInfoCaches (0ms)
			ResolveRequiredComponents (0ms)
	FinalizeReload (328ms)
		ReleaseScriptCaches (0ms)
		RebuildScriptCaches (0ms)
		SetupLoadedEditorAssemblies (291ms)
			LogAssemblyErrors (0ms)
			InitializePlatformSupportModulesInManaged (34ms)
			SetLoadedEditorAssemblies (3ms)
			BeforeProcessingInitializeOnLoad (72ms)
			ProcessInitializeOnLoadAttributes (130ms)
			ProcessInitializeOnLoadMethodAttributes (51ms)
			AfterProcessingInitializeOnLoad (0ms)
			EditorAssembliesLoaded (0ms)
		ExecutionOrderSort2 (0ms)
		AwakeInstancesAfterBackupRestoration (0ms)
========================================================================
Worker process is ready to serve import requests
Import Worker Mode flag is 0x00
Begin MonoManager ReloadAssembly
[Licensing::Client] Successfully resolved entitlement details
[Licensing::Module] License group:
  Id: F4-PG26-BGYS-M5XU-E2PJ-XXXX
  Product: Unity Personal
  Type: ULF
  Expiration: Unlimited
[Licensing::Module] License group:
  Id: 7971760023286-UnityPersXXXX
  Product: Unity Personal
  Type: Assigned
  Expiration: Unlimited
Symbol file LoadedFromMemory is not a mono symbol file
- Loaded All Assemblies, in  0.715 seconds
Script 'GridLayout' has the same name as built-in Unity component.
AddComponent and GetComponent will not work with this script.
'Packages/com.coffee.ui-effect/Runtime/Timeline/Base/UIEffectTimelineUtils.cs' contains partial class of Unity.Object, exactly 1 of the partial classes needs to be in a file with the same filename. This is to know the one that can be referenced from ie. GameObjects
'Packages/com.coffee.ui-effect/Runtime/Timeline/Base/UIEffectTimelineUtils.cs' contains partial class of Unity.Object, exactly 1 of the partial classes needs to be in a file with the same filename. This is to know the one that can be referenced from ie. GameObjects
Refreshing native plugins compatible for Editor in 0.68 ms, found 3 plugins.
Native extension for UWP target not found
Native extension for WindowsStandalone target not found
Package Manager log level set to [2]
[Package Manager] Failed to launch server process. Reason: Unity was launched with the -noUpm command-line argument
[Package Manager] Unable to send message (not connected to server process).
[Package Manager] Cannot connect to Unity Package Manager local server
[MODES] ModeService[none].Initialize
[MODES] ModeService[none].LoadModes
[MODES] Loading mode Default (0) for mode-current-id-Little Rush!
Mono: successfully reloaded assembly
- Finished resetting the current domain, in  0.672 seconds
Domain Reload Profiling: 1386ms
	BeginReloadAssembly (174ms)
		ExecutionOrderSort (0ms)
		DisableScriptedObjects (4ms)
		BackupInstance (0ms)
		ReleaseScriptingObjects (0ms)
		CreateAndSetChildDomain (23ms)
	RebuildCommonClasses (26ms)
	RebuildNativeTypeToScriptingClass (9ms)
	initialDomainReloadingComplete (25ms)
	LoadAllAssembliesAndSetupDomain (479ms)
		LoadAssemblies (360ms)
		RebuildTransferFunctionScriptingTraits (0ms)
		AnalyzeDomain (238ms)
			TypeCache.Refresh (181ms)
				TypeCache.ScanAssembly (165ms)
			BuildScriptInfoCaches (43ms)
			ResolveRequiredComponents (10ms)
	FinalizeReload (672ms)
		ReleaseScriptCaches (0ms)
		RebuildScriptCaches (0ms)
		SetupLoadedEditorAssemblies (526ms)
			LogAssemblyErrors (0ms)
			InitializePlatformSupportModulesInManaged (1ms)
			SetLoadedEditorAssemblies (4ms)
			BeforeProcessingInitializeOnLoad (118ms)
			ProcessInitializeOnLoadAttributes (309ms)
			ProcessInitializeOnLoadMethodAttributes (92ms)
			AfterProcessingInitializeOnLoad (1ms)
			EditorAssembliesLoaded (0ms)
		ExecutionOrderSort2 (0ms)
		AwakeInstancesAfterBackupRestoration (4ms)
Launched and connected shader compiler UnityShaderCompiler.exe after 0.01 seconds
Refreshing native plugins compatible for Editor in 1.31 ms, found 3 plugins.
Preloading 0 native plugins for Editor in 0.00 ms.
Unloading 17 Unused Serialized files (Serialized files now loaded: 0)
Unloading 8602 unused Assets / (5.6 MB). Loaded Objects now: 9443.
Memory consumption went from 170.7 MB to 165.1 MB.
Total: 12.605500 ms (FindLiveObjects: 0.798900 ms CreateObjectMapping: 0.742200 ms MarkObjects: 7.042500 ms  DeleteObjects: 4.020300 ms)

========================================================================
Received Import Request.
  Time since last request: 421531.790383 seconds.
  path: Assets/Plugins/Zenject/Source/Binding/Binders/Factory/Pooling
  artifactKey: Guid(a019116e68c18f342995df14d6fbcf87) Importer(2089858483,b0f066a214c2f5e87bad3c948f4d605d)
Start importing Assets/Plugins/Zenject/Source/Binding/Binders/Factory/Pooling using Guid(a019116e68c18f342995df14d6fbcf87) Importer(2089858483,b0f066a214c2f5e87bad3c948f4d605d) (ScriptedImporter) -> (artifact id: '72f2e45405a4d2187cd1a7460b7a52e4') in 0.0542576 seconds
Number of updated asset objects reloaded before import = 0Number of asset objects unloaded after import = 1

========================================================================
Received Import Request.
  Time since last request: 0.000019 seconds.
  path: Assets/Plugins/Zenject/Source/Providers/Decorator
  artifactKey: Guid(88c8658f07bf600408a596245682c306) Importer(2089858483,b0f066a214c2f5e87bad3c948f4d605d)
Start importing Assets/Plugins/Zenject/Source/Providers/Decorator using Guid(88c8658f07bf600408a596245682c306) Importer(2089858483,b0f066a214c2f5e87bad3c948f4d605d) (ScriptedImporter) -> (artifact id: 'f35dd6ebc97b6d199aa728322aeb7506') in 0.0032181 seconds
Number of updated asset objects reloaded before import = 0Number of asset objects unloaded after import = 1

========================================================================
Received Import Request.
  Time since last request: 0.000018 seconds.
  path: Assets/Plugins/NaughtyAttributes/Scripts/Core/DrawerAttributes_SpecialCase
  artifactKey: Guid(5cf879ed72221e740a7aa02ef9c366a7) Importer(2089858483,b0f066a214c2f5e87bad3c948f4d605d)
Start importing Assets/Plugins/NaughtyAttributes/Scripts/Core/DrawerAttributes_SpecialCase using Guid(5cf879ed72221e740a7aa02ef9c366a7) Importer(2089858483,b0f066a214c2f5e87bad3c948f4d605d) (ScriptedImporter) -> (artifact id: 'af47c0e323aa0ce8e1707a86e4892de8') in 0.0033851 seconds
Number of updated asset objects reloaded before import = 0Number of asset objects unloaded after import = 1

========================================================================
Received Import Request.
  Time since last request: 0.000017 seconds.
  path: Assets/Plugins/Zenject/OptionalExtras/IntegrationTests/Factories/PrefabFactory
  artifactKey: Guid(bc7d7c70b60a2a14eb9d59f39df3d01b) Importer(2089858483,b0f066a214c2f5e87bad3c948f4d605d)
Start importing Assets/Plugins/Zenject/OptionalExtras/IntegrationTests/Factories/PrefabFactory using Guid(bc7d7c70b60a2a14eb9d59f39df3d01b) Importer(2089858483,b0f066a214c2f5e87bad3c948f4d605d) (ScriptedImporter) -> (artifact id: '64691d36ff58f18c29d7b8ff73b19726') in 0.0032635 seconds
Number of updated asset objects reloaded before import = 0Number of asset objects unloaded after import = 1

========================================================================
Received Import Request.
  Time since last request: 0.000018 seconds.
  path: Assets/Plugins/Zenject/OptionalExtras/IntegrationTests/Bindings/TestFromPrefabInstaller
  artifactKey: Guid(1e17a9fb937bef141885bff88f8381ae) Importer(2089858483,b0f066a214c2f5e87bad3c948f4d605d)
Start importing Assets/Plugins/Zenject/OptionalExtras/IntegrationTests/Bindings/TestFromPrefabInstaller using Guid(1e17a9fb937bef141885bff88f8381ae) Importer(2089858483,b0f066a214c2f5e87bad3c948f4d605d) (ScriptedImporter) -> (artifact id: 'a2e6276b7462a941c5ef92bc2e14eced') in 0.0034206 seconds
Number of updated asset objects reloaded before import = 0Number of asset objects unloaded after import = 1

========================================================================
Received Import Request.
  Time since last request: 0.000027 seconds.
  path: Assets/AddressableAssetsData/ProfileDataSourceSettings.asset
  artifactKey: Guid(152bc277ef9268f4f870e95b0759a140) Importer(815301076,1909f56bfc062723c751e8b465ee728b)
Start importing Assets/AddressableAssetsData/ProfileDataSourceSettings.asset using Guid(152bc277ef9268f4f870e95b0759a140) Importer(815301076,1909f56bfc062723c751e8b465ee728b) (PreviewImporter) -> (artifact id: '0903d1f2d01187c919f4e855be9465c3') in 0.0023244 seconds
Number of updated asset objects reloaded before import = 0Number of asset objects unloaded after import = 1

========================================================================
Received Import Request.
  Time since last request: 0.000016 seconds.
  path: Assets/CustomPackages/Package.Logging/Content
  artifactKey: Guid(3c721ba7255464b87b4eb7210cc050ac) Importer(2089858483,b0f066a214c2f5e87bad3c948f4d605d)
Start importing Assets/CustomPackages/Package.Logging/Content using Guid(3c721ba7255464b87b4eb7210cc050ac) Importer(2089858483,b0f066a214c2f5e87bad3c948f4d605d) (ScriptedImporter) -> (artifact id: 'f27e33b3ac628553b511dfacca35b009') in 0.0042294 seconds
Number of updated asset objects reloaded before import = 0Number of asset objects unloaded after import = 1

========================================================================
Received Import Request.
  Time since last request: 0.000025 seconds.
  path: Assets/Features/Global/Sounds/Services
  artifactKey: Guid(2067bf338f3a450faf2f0f1ab607ed47) Importer(2089858483,b0f066a214c2f5e87bad3c948f4d605d)
Start importing Assets/Features/Global/Sounds/Services using Guid(2067bf338f3a450faf2f0f1ab607ed47) Importer(2089858483,b0f066a214c2f5e87bad3c948f4d605d) (ScriptedImporter) -> (artifact id: 'b375c21640aa4f0abe501318ca108ef7') in 0.0030064 seconds
Number of updated asset objects reloaded before import = 0Number of asset objects unloaded after import = 1

========================================================================
Received Import Request.
  Time since last request: 0.000019 seconds.
  path: Assets/Plugins/UniRx/Scripts/Subjects
  artifactKey: Guid(57cd45c395f5a4f5d98c685733d01a32) Importer(2089858483,b0f066a214c2f5e87bad3c948f4d605d)
Start importing Assets/Plugins/UniRx/Scripts/Subjects using Guid(57cd45c395f5a4f5d98c685733d01a32) Importer(2089858483,b0f066a214c2f5e87bad3c948f4d605d) (ScriptedImporter) -> (artifact id: 'fb2b00983c30763410ca8772f9c14191') in 0.0030061 seconds
Number of updated asset objects reloaded before import = 0Number of asset objects unloaded after import = 1

========================================================================
Received Import Request.
  Time since last request: 0.000020 seconds.
  path: Assets/Features/Global/AssetManagement/Containers
  artifactKey: Guid(73ed20694c46403bb89458aa06484cbc) Importer(2089858483,b0f066a214c2f5e87bad3c948f4d605d)
Start importing Assets/Features/Global/AssetManagement/Containers using Guid(73ed20694c46403bb89458aa06484cbc) Importer(2089858483,b0f066a214c2f5e87bad3c948f4d605d) (ScriptedImporter) -> (artifact id: '138850b2b63368fb7a1f765a69c31274') in 0.0033668 seconds
Number of updated asset objects reloaded before import = 0Number of asset objects unloaded after import = 1

========================================================================
Received Import Request.
  Time since last request: 0.000022 seconds.
  path: Assets/Features/Global/DynamicEffects
  artifactKey: Guid(b550bcedb60e457b806f53844e491e13) Importer(2089858483,b0f066a214c2f5e87bad3c948f4d605d)
Start importing Assets/Features/Global/DynamicEffects using Guid(b550bcedb60e457b806f53844e491e13) Importer(2089858483,b0f066a214c2f5e87bad3c948f4d605d) (ScriptedImporter) -> (artifact id: 'd57618c604213a6936f325ca3b7d7e4a') in 0.0030526 seconds
Number of updated asset objects reloaded before import = 0Number of asset objects unloaded after import = 1

========================================================================
Received Import Request.
  Time since last request: 0.000029 seconds.
  path: Assets/Plugins/Zenject/OptionalExtras/IntegrationTests/SceneTests
  artifactKey: Guid(47d72edc1c810dc43b2b47447e8f3059) Importer(2089858483,b0f066a214c2f5e87bad3c948f4d605d)
Start importing Assets/Plugins/Zenject/OptionalExtras/IntegrationTests/SceneTests using Guid(47d72edc1c810dc43b2b47447e8f3059) Importer(2089858483,b0f066a214c2f5e87bad3c948f4d605d) (ScriptedImporter) -> (artifact id: '7c51a7c1e5002539c99012f40827611a') in 0.0039355 seconds
Number of updated asset objects reloaded before import = 0Number of asset objects unloaded after import = 1

========================================================================
Received Import Request.
  Time since last request: 0.000013 seconds.
  path: Assets/Features/Global/Icons/Config
  artifactKey: Guid(134b3ea34aa64f67a063a5fd4f03249c) Importer(2089858483,b0f066a214c2f5e87bad3c948f4d605d)
Start importing Assets/Features/Global/Icons/Config using Guid(134b3ea34aa64f67a063a5fd4f03249c) Importer(2089858483,b0f066a214c2f5e87bad3c948f4d605d) (ScriptedImporter) -> (artifact id: '004dc9665efb0e3a5f223c78837bacc8') in 0.0030113 seconds
Number of updated asset objects reloaded before import = 0Number of asset objects unloaded after import = 1

========================================================================
Received Import Request.
  Time since last request: 0.000018 seconds.
  path: Assets/Features/Global/SaveSystem
  artifactKey: Guid(38fe397cf8af4cb1ac09608a0519dc33) Importer(2089858483,b0f066a214c2f5e87bad3c948f4d605d)
Start importing Assets/Features/Global/SaveSystem using Guid(38fe397cf8af4cb1ac09608a0519dc33) Importer(2089858483,b0f066a214c2f5e87bad3c948f4d605d) (ScriptedImporter) -> (artifact id: 'df419c1b8ec1c2826126c8910cbf3f26') in 0.0030842 seconds
Number of updated asset objects reloaded before import = 0Number of asset objects unloaded after import = 1

========================================================================
Received Import Request.
  Time since last request: 0.000016 seconds.
  path: Assets/AddressableAssetsData/AssetGroups
  artifactKey: Guid(9e3b817aad5e8784ea9888e0e19f5dbe) Importer(2089858483,b0f066a214c2f5e87bad3c948f4d605d)
Start importing Assets/AddressableAssetsData/AssetGroups using Guid(9e3b817aad5e8784ea9888e0e19f5dbe) Importer(2089858483,b0f066a214c2f5e87bad3c948f4d605d) (ScriptedImporter) -> (artifact id: '6a20fb2c9d8694feddd7f36b0e0fa484') in 0.0036162 seconds
Number of updated asset objects reloaded before import = 0Number of asset objects unloaded after import = 1

========================================================================
Received Import Request.
  Time since last request: 0.000026 seconds.
  path: Assets/Plugins/Zenject/OptionalExtras/SampleGame2 (Advanced)/Scripts/Enemy/States
  artifactKey: Guid(b1c94638b93aa2646a2643e39a156dd9) Importer(2089858483,b0f066a214c2f5e87bad3c948f4d605d)
Start importing Assets/Plugins/Zenject/OptionalExtras/SampleGame2 (Advanced)/Scripts/Enemy/States using Guid(b1c94638b93aa2646a2643e39a156dd9) Importer(2089858483,b0f066a214c2f5e87bad3c948f4d605d) (ScriptedImporter) -> (artifact id: 'aca76314eb6af8bca33fecee0695bb4c') in 0.0028852 seconds
Number of updated asset objects reloaded before import = 0Number of asset objects unloaded after import = 1

========================================================================
Received Import Request.
  Time since last request: 0.000013 seconds.
  path: Assets/AddressableAssetsData/AddressableAssetGroupSortSettings.asset
  artifactKey: Guid(660eb92b2e32a204a8613f70dc0322df) Importer(815301076,1909f56bfc062723c751e8b465ee728b)
Start importing Assets/AddressableAssetsData/AddressableAssetGroupSortSettings.asset using Guid(660eb92b2e32a204a8613f70dc0322df) Importer(815301076,1909f56bfc062723c751e8b465ee728b) (PreviewImporter) -> (artifact id: 'c139ea908ab6fa783822e2fdde161c20') in 0.0107371 seconds
Number of updated asset objects reloaded before import = 0Number of asset objects unloaded after import = 1

========================================================================
Received Import Request.
  Time since last request: 0.000021 seconds.
  path: Assets/Plugins/UniTask
  artifactKey: Guid(badb29329e220b3458c4fea8a03c4ed7) Importer(2089858483,b0f066a214c2f5e87bad3c948f4d605d)
Start importing Assets/Plugins/UniTask using Guid(badb29329e220b3458c4fea8a03c4ed7) Importer(2089858483,b0f066a214c2f5e87bad3c948f4d605d) (ScriptedImporter) -> (artifact id: 'aa527c24aa21a4110e6332fd48e9d3e4') in 0.0022771 seconds
Number of updated asset objects reloaded before import = 0Number of asset objects unloaded after import = 1

========================================================================
Received Import Request.
  Time since last request: 0.000013 seconds.
  path: Assets/Plugins/Zenject/OptionalExtras/IntegrationTests/Installers/Resources/TestScriptableObjectInstallers
  artifactKey: Guid(f956363274a9d0949bc3d243d634cf86) Importer(2089858483,b0f066a214c2f5e87bad3c948f4d605d)
Start importing Assets/Plugins/Zenject/OptionalExtras/IntegrationTests/Installers/Resources/TestScriptableObjectInstallers using Guid(f956363274a9d0949bc3d243d634cf86) Importer(2089858483,b0f066a214c2f5e87bad3c948f4d605d) (ScriptedImporter) -> (artifact id: 'cbf58c86fc39529aa74af74401669ba5') in 0.0023927 seconds
Number of updated asset objects reloaded before import = 0Number of asset objects unloaded after import = 1

========================================================================
Received Import Request.
  Time since last request: 0.000015 seconds.
  path: Assets/Plugins/Zenject/OptionalExtras/MemoryPoolMonitor
  artifactKey: Guid(ca9d67cacb741b446be3472235157580) Importer(2089858483,b0f066a214c2f5e87bad3c948f4d605d)
Start importing Assets/Plugins/Zenject/OptionalExtras/MemoryPoolMonitor using Guid(ca9d67cacb741b446be3472235157580) Importer(2089858483,b0f066a214c2f5e87bad3c948f4d605d) (ScriptedImporter) -> (artifact id: '32fd5f4760ef9b654c081a4fbff57ba0') in 0.0022877 seconds
Number of updated asset objects reloaded before import = 0Number of asset objects unloaded after import = 1

========================================================================
Received Import Request.
  Time since last request: 0.000012 seconds.
  path: Assets/Plugins/UniRx/Scripts/Schedulers
  artifactKey: Guid(eb8a8b85427694bdaa4f5100bd6ff596) Importer(2089858483,b0f066a214c2f5e87bad3c948f4d605d)
Start importing Assets/Plugins/UniRx/Scripts/Schedulers using Guid(eb8a8b85427694bdaa4f5100bd6ff596) Importer(2089858483,b0f066a214c2f5e87bad3c948f4d605d) (ScriptedImporter) -> (artifact id: 'd0545e46f75e00734a1a7342e91f0828') in 0.0021309 seconds
Number of updated asset objects reloaded before import = 0Number of asset objects unloaded after import = 1

========================================================================
Received Import Request.
  Time since last request: 0.000012 seconds.
  path: Assets/Features/Enemies/Scripts
  artifactKey: Guid(50e4fba7161296d4d9775ce947246304) Importer(2089858483,b0f066a214c2f5e87bad3c948f4d605d)
Start importing Assets/Features/Enemies/Scripts using Guid(50e4fba7161296d4d9775ce947246304) Importer(2089858483,b0f066a214c2f5e87bad3c948f4d605d) (ScriptedImporter) -> (artifact id: '89327c099ec387ed9c457b3c2b60fe1e') in 0.0018643 seconds
Number of updated asset objects reloaded before import = 0Number of asset objects unloaded after import = 1

========================================================================
Received Import Request.
  Time since last request: 0.000014 seconds.
  path: Assets/Plugins/Zenject/OptionalExtras/SampleGame1 (Beginner)/Scripts
  artifactKey: Guid(b800be3d93804944bb261ee1e63815c2) Importer(2089858483,b0f066a214c2f5e87bad3c948f4d605d)
Start importing Assets/Plugins/Zenject/OptionalExtras/SampleGame1 (Beginner)/Scripts using Guid(b800be3d93804944bb261ee1e63815c2) Importer(2089858483,b0f066a214c2f5e87bad3c948f4d605d) (ScriptedImporter) -> (artifact id: 'e08a2b5667e62ef7e649d16f0c68acd8') in 0.0022775 seconds
Number of updated asset objects reloaded before import = 0Number of asset objects unloaded after import = 1

========================================================================
Received Import Request.
  Time since last request: 0.000016 seconds.
  path: Assets/CustomPackages/Package.Extensions/Identifiers
  artifactKey: Guid(811ee36c74b94e4eaf7993184e1663e7) Importer(2089858483,b0f066a214c2f5e87bad3c948f4d605d)
Start importing Assets/CustomPackages/Package.Extensions/Identifiers using Guid(811ee36c74b94e4eaf7993184e1663e7) Importer(2089858483,b0f066a214c2f5e87bad3c948f4d605d) (ScriptedImporter) -> (artifact id: '9392f27c96940a7c364bb4bb6896924b') in 0.0029818 seconds
Number of updated asset objects reloaded before import = 0Number of asset objects unloaded after import = 1

========================================================================
Received Import Request.
  Time since last request: 0.000016 seconds.
  path: Assets/CustomPackages/Package.Logging/Runtime
  artifactKey: Guid(f4f0d5db7e84d4797b5176ff1d354ea9) Importer(2089858483,b0f066a214c2f5e87bad3c948f4d605d)
Start importing Assets/CustomPackages/Package.Logging/Runtime using Guid(f4f0d5db7e84d4797b5176ff1d354ea9) Importer(2089858483,b0f066a214c2f5e87bad3c948f4d605d) (ScriptedImporter) -> (artifact id: 'df35f6efd285124e9d562fd5a870b235') in 0.0021921 seconds
Number of updated asset objects reloaded before import = 0Number of asset objects unloaded after import = 1

========================================================================
Received Import Request.
  Time since last request: 0.000026 seconds.
  path: Assets/Plugins/Zenject/OptionalExtras/ReflectionBaking/Common
  artifactKey: Guid(1f7a08e3d1279e542954d80ff88dcd95) Importer(2089858483,b0f066a214c2f5e87bad3c948f4d605d)
Start importing Assets/Plugins/Zenject/OptionalExtras/ReflectionBaking/Common using Guid(1f7a08e3d1279e542954d80ff88dcd95) Importer(2089858483,b0f066a214c2f5e87bad3c948f4d605d) (ScriptedImporter) -> (artifact id: '1bd5f72be207a76f5fc6432235945b8d') in 0.0020659 seconds
Number of updated asset objects reloaded before import = 0Number of asset objects unloaded after import = 1

========================================================================
Received Import Request.
  Time since last request: 0.000014 seconds.
  path: Assets/Features/Enemies
  artifactKey: Guid(2eb97d283d6f0fd44a29bf31bb2786b4) Importer(2089858483,b0f066a214c2f5e87bad3c948f4d605d)
Start importing Assets/Features/Enemies using Guid(2eb97d283d6f0fd44a29bf31bb2786b4) Importer(2089858483,b0f066a214c2f5e87bad3c948f4d605d) (ScriptedImporter) -> (artifact id: '955cac46a6520a3165d72f64e243f283') in 0.0021928 seconds
Number of updated asset objects reloaded before import = 0Number of asset objects unloaded after import = 1

========================================================================
Received Import Request.
  Time since last request: 0.000014 seconds.
  path: Assets/Plugins/UniRx/Scripts/System
  artifactKey: Guid(eff629ca6574b40709bdddc41cebf10d) Importer(2089858483,b0f066a214c2f5e87bad3c948f4d605d)
Start importing Assets/Plugins/UniRx/Scripts/System using Guid(eff629ca6574b40709bdddc41cebf10d) Importer(2089858483,b0f066a214c2f5e87bad3c948f4d605d) (ScriptedImporter) -> (artifact id: '4b025e96a12fe3a7635496db5c9402b6') in 0.0022878 seconds
Number of updated asset objects reloaded before import = 0Number of asset objects unloaded after import = 1

========================================================================
Received Import Request.
  Time since last request: 0.000012 seconds.
  path: Assets/Plugins/Zenject/OptionalExtras/IntegrationTests/SceneTests/TestSceneContextEvents/Tests/Resources
  artifactKey: Guid(681f3d6520871ab4db20e21e351101c5) Importer(2089858483,b0f066a214c2f5e87bad3c948f4d605d)
Start importing Assets/Plugins/Zenject/OptionalExtras/IntegrationTests/SceneTests/TestSceneContextEvents/Tests/Resources using Guid(681f3d6520871ab4db20e21e351101c5) Importer(2089858483,b0f066a214c2f5e87bad3c948f4d605d) (ScriptedImporter) -> (artifact id: '4025d1730571834379a84ac883db10f1') in 0.0029021 seconds
Number of updated asset objects reloaded before import = 0Number of asset objects unloaded after import = 1

========================================================================
Received Import Request.
  Time since last request: 0.000014 seconds.
  path: Assets/Plugins/Zenject/OptionalExtras/SampleGame1 (Beginner)/Prefabs
  artifactKey: Guid(538a7ee3bafeabc439759090caf2889c) Importer(2089858483,b0f066a214c2f5e87bad3c948f4d605d)
Start importing Assets/Plugins/Zenject/OptionalExtras/SampleGame1 (Beginner)/Prefabs using Guid(538a7ee3bafeabc439759090caf2889c) Importer(2089858483,b0f066a214c2f5e87bad3c948f4d605d) (ScriptedImporter) -> (artifact id: '786ec61ec7dda507c6c2ba1518af7f72') in 0.0025878 seconds
Number of updated asset objects reloaded before import = 0Number of asset objects unloaded after import = 1

========================================================================
Received Import Request.
  Time since last request: 0.000010 seconds.
  path: Assets/Features/Global/Sounds
  artifactKey: Guid(79f1e17b07e34fc09e8781f7584b933b) Importer(2089858483,b0f066a214c2f5e87bad3c948f4d605d)
Start importing Assets/Features/Global/Sounds using Guid(79f1e17b07e34fc09e8781f7584b933b) Importer(2089858483,b0f066a214c2f5e87bad3c948f4d605d) (ScriptedImporter) -> (artifact id: 'd0efbeb6c6e79f15f877d6b158480834') in 0.0024855 seconds
Number of updated asset objects reloaded before import = 0Number of asset objects unloaded after import = 1

========================================================================
Received Import Request.
  Time since last request: 0.000011 seconds.
  path: Assets/Plugins/UniTask/Editor
  artifactKey: Guid(c0e52ea1ac51d0c4485bf5014d104eec) Importer(2089858483,b0f066a214c2f5e87bad3c948f4d605d)
Start importing Assets/Plugins/UniTask/Editor using Guid(c0e52ea1ac51d0c4485bf5014d104eec) Importer(2089858483,b0f066a214c2f5e87bad3c948f4d605d) (ScriptedImporter) -> (artifact id: 'c2583570752d75962e9fbd4adeb36249') in 0.0023479 seconds
Number of updated asset objects reloaded before import = 0Number of asset objects unloaded after import = 1

========================================================================
Received Import Request.
  Time since last request: 0.000012 seconds.
  path: Assets/Plugins/IngameDebugConsole
  artifactKey: Guid(b74a60963488e4e6b81f04870e67049b) Importer(2089858483,b0f066a214c2f5e87bad3c948f4d605d)
Start importing Assets/Plugins/IngameDebugConsole using Guid(b74a60963488e4e6b81f04870e67049b) Importer(2089858483,b0f066a214c2f5e87bad3c948f4d605d) (ScriptedImporter) -> (artifact id: 'c1835671798581f227ec1c979c2907f0') in 0.0025077 seconds
Number of updated asset objects reloaded before import = 0Number of asset objects unloaded after import = 1

========================================================================
Received Import Request.
  Time since last request: 0.000020 seconds.
  path: Assets/CustomPackages/Package.Logging/Runtime/Scripts/Core
  artifactKey: Guid(d306292b8a9041128800151801ba55a6) Importer(2089858483,b0f066a214c2f5e87bad3c948f4d605d)
Start importing Assets/CustomPackages/Package.Logging/Runtime/Scripts/Core using Guid(d306292b8a9041128800151801ba55a6) Importer(2089858483,b0f066a214c2f5e87bad3c948f4d605d) (ScriptedImporter) -> (artifact id: '9975352a62fb9aa8bf1239c7af46546a') in 0.0020483 seconds
Number of updated asset objects reloaded before import = 0Number of asset objects unloaded after import = 1

========================================================================
Received Import Request.
  Time since last request: 0.000013 seconds.
  path: Assets/Features/Global/Camera/Scripts
  artifactKey: Guid(60b5a2dd0a5590c4d976b2448293f3c5) Importer(2089858483,b0f066a214c2f5e87bad3c948f4d605d)
Start importing Assets/Features/Global/Camera/Scripts using Guid(60b5a2dd0a5590c4d976b2448293f3c5) Importer(2089858483,b0f066a214c2f5e87bad3c948f4d605d) (ScriptedImporter) -> (artifact id: 'a2296b6c0cf4acad56ed145319ed43a8') in 0.0020398 seconds
Number of updated asset objects reloaded before import = 0Number of asset objects unloaded after import = 1

========================================================================
Received Import Request.
  Time since last request: 0.000013 seconds.
  path: Assets/Plugins/Zenject/OptionalExtras/SampleGame1 (Beginner)/Media/Materials
  artifactKey: Guid(03afdaf21f20e5543aafee9c467a61bc) Importer(2089858483,b0f066a214c2f5e87bad3c948f4d605d)
Start importing Assets/Plugins/Zenject/OptionalExtras/SampleGame1 (Beginner)/Media/Materials using Guid(03afdaf21f20e5543aafee9c467a61bc) Importer(2089858483,b0f066a214c2f5e87bad3c948f4d605d) (ScriptedImporter) -> (artifact id: 'd4976439611995d4525ffce1cf77afe5') in 0.0026151 seconds
Number of updated asset objects reloaded before import = 0Number of asset objects unloaded after import = 1

========================================================================
Received Import Request.
  Time since last request: 0.000010 seconds.
  path: Assets/Plugins/Zenject/OptionalExtras/IntegrationTests/SceneContractTests
  artifactKey: Guid(492393d0aa78c6146973086060b69c18) Importer(2089858483,b0f066a214c2f5e87bad3c948f4d605d)
Start importing Assets/Plugins/Zenject/OptionalExtras/IntegrationTests/SceneContractTests using Guid(492393d0aa78c6146973086060b69c18) Importer(2089858483,b0f066a214c2f5e87bad3c948f4d605d) (ScriptedImporter) -> (artifact id: '388bad13079651e0f8c9526c8c6c94d5') in 0.0027472 seconds
Number of updated asset objects reloaded before import = 0Number of asset objects unloaded after import = 1

========================================================================
Received Import Request.
  Time since last request: 0.000013 seconds.
  path: Assets/Plugins/SerializedCollections/Sample
  artifactKey: Guid(e69018c0c865ff642a0234492e28b17a) Importer(2089858483,b0f066a214c2f5e87bad3c948f4d605d)
Start importing Assets/Plugins/SerializedCollections/Sample using Guid(e69018c0c865ff642a0234492e28b17a) Importer(2089858483,b0f066a214c2f5e87bad3c948f4d605d) (ScriptedImporter) -> (artifact id: '0f3898c011ec5063914b7e25d2f47dd6') in 0.0030867 seconds
Number of updated asset objects reloaded before import = 0Number of asset objects unloaded after import = 1

========================================================================
Received Import Request.
  Time since last request: 0.000010 seconds.
  path: Assets/Plugins/Zenject/OptionalExtras/SampleGame1 (Beginner)/Media/Meshes
  artifactKey: Guid(83f84a6a87a8a0d43ad8c6460dd38acc) Importer(2089858483,b0f066a214c2f5e87bad3c948f4d605d)
Start importing Assets/Plugins/Zenject/OptionalExtras/SampleGame1 (Beginner)/Media/Meshes using Guid(83f84a6a87a8a0d43ad8c6460dd38acc) Importer(2089858483,b0f066a214c2f5e87bad3c948f4d605d) (ScriptedImporter) -> (artifact id: '2062ff542b78f80370e63aab3384e328') in 0.0019806 seconds
Number of updated asset objects reloaded before import = 0Number of asset objects unloaded after import = 1

========================================================================
Received Import Request.
  Time since last request: 0.000010 seconds.
  path: Assets/Plugins/Zenject/Source/Providers/SubContainerCreators
  artifactKey: Guid(60492d3348bd7624a9f7f00d1e20ae8e) Importer(2089858483,b0f066a214c2f5e87bad3c948f4d605d)
Start importing Assets/Plugins/Zenject/Source/Providers/SubContainerCreators using Guid(60492d3348bd7624a9f7f00d1e20ae8e) Importer(2089858483,b0f066a214c2f5e87bad3c948f4d605d) (ScriptedImporter) -> (artifact id: '3acadf0161fcef0e1db3c6306fb670cd') in 0.0019107 seconds
Number of updated asset objects reloaded before import = 0Number of asset objects unloaded after import = 1

========================================================================
Received Import Request.
  Time since last request: 0.000011 seconds.
  path: Assets/Plugins/Zenject/OptionalExtras/IntegrationTests/SceneTests/TestDestructionOrder/RenameThisResources
  artifactKey: Guid(fef386383d45a6a4fb20bb9cdbf05524) Importer(2089858483,b0f066a214c2f5e87bad3c948f4d605d)
Start importing Assets/Plugins/Zenject/OptionalExtras/IntegrationTests/SceneTests/TestDestructionOrder/RenameThisResources using Guid(fef386383d45a6a4fb20bb9cdbf05524) Importer(2089858483,b0f066a214c2f5e87bad3c948f4d605d) (ScriptedImporter) -> (artifact id: '8f1c1f8787ae354f256548a52182bcf8') in 0.0020356 seconds
Number of updated asset objects reloaded before import = 0Number of asset objects unloaded after import = 1

========================================================================
Received Import Request.
  Time since last request: 0.000012 seconds.
  path: Assets/Plugins/Zenject/OptionalExtras/IntegrationTests/Resources/TestFromNewScriptableObjectResource
  artifactKey: Guid(100ccadd1fc02a94da96013a3d7caea9) Importer(2089858483,b0f066a214c2f5e87bad3c948f4d605d)
Start importing Assets/Plugins/Zenject/OptionalExtras/IntegrationTests/Resources/TestFromNewScriptableObjectResource using Guid(100ccadd1fc02a94da96013a3d7caea9) Importer(2089858483,b0f066a214c2f5e87bad3c948f4d605d) (ScriptedImporter) -> (artifact id: '6b54eeef8122e943653fee9e14c92198') in 0.0023361 seconds
Number of updated asset objects reloaded before import = 0Number of asset objects unloaded after import = 1

========================================================================
Received Import Request.
  Time since last request: 0.000017 seconds.
  path: Assets/Plugins/NaughtyAttributes/Scripts/Editor
  artifactKey: Guid(b76068e69df25a94ab378b0b6829c4f0) Importer(2089858483,b0f066a214c2f5e87bad3c948f4d605d)
Start importing Assets/Plugins/NaughtyAttributes/Scripts/Editor using Guid(b76068e69df25a94ab378b0b6829c4f0) Importer(2089858483,b0f066a214c2f5e87bad3c948f4d605d) (ScriptedImporter) -> (artifact id: 'af6b499bd8c5b56b8e1ebfeb9a272812') in 0.0022282 seconds
Number of updated asset objects reloaded before import = 0Number of asset objects unloaded after import = 1

========================================================================
Received Import Request.
  Time since last request: 0.000030 seconds.
  path: Assets/Plugins/Zenject/OptionalExtras/IntegrationTests/Bindings/TestFromSubContainerPrefabResource
  artifactKey: Guid(47244319f65e63e45a9d2e73b1fa0169) Importer(2089858483,b0f066a214c2f5e87bad3c948f4d605d)
Start importing Assets/Plugins/Zenject/OptionalExtras/IntegrationTests/Bindings/TestFromSubContainerPrefabResource using Guid(47244319f65e63e45a9d2e73b1fa0169) Importer(2089858483,b0f066a214c2f5e87bad3c948f4d605d) (ScriptedImporter) -> (artifact id: '1d15a0f8bf123c93b584b727cb62bef1') in 0.0023108 seconds
Number of updated asset objects reloaded before import = 0Number of asset objects unloaded after import = 1

========================================================================
Received Import Request.
  Time since last request: 0.000010 seconds.
  path: Assets/Plugins/UniTask/Runtime/CompilerServices
  artifactKey: Guid(692d9f4226929104180c025247e8d5d3) Importer(2089858483,b0f066a214c2f5e87bad3c948f4d605d)
Start importing Assets/Plugins/UniTask/Runtime/CompilerServices using Guid(692d9f4226929104180c025247e8d5d3) Importer(2089858483,b0f066a214c2f5e87bad3c948f4d605d) (ScriptedImporter) -> (artifact id: '4a5f3c72d12c2f435d4fa25ab099cc62') in 0.0022531 seconds
Number of updated asset objects reloaded before import = 0Number of asset objects unloaded after import = 1

========================================================================
Received Import Request.
  Time since last request: 0.000015 seconds.
  path: Assets/Features/Enemies/Materials
  artifactKey: Guid(88146e870b2f3dd468a2f278f40c538e) Importer(2089858483,b0f066a214c2f5e87bad3c948f4d605d)
Start importing Assets/Features/Enemies/Materials using Guid(88146e870b2f3dd468a2f278f40c538e) Importer(2089858483,b0f066a214c2f5e87bad3c948f4d605d) (ScriptedImporter) -> (artifact id: 'f97f14967a771c0904e52cc7d62878bd') in 0.0023334 seconds
Number of updated asset objects reloaded before import = 0Number of asset objects unloaded after import = 1

========================================================================
Received Import Request.
  Time since last request: 0.000012 seconds.
  path: Assets/Plugins/JsonSubTypes
  artifactKey: Guid(6640fc89e02604b27876061d00febbe8) Importer(2089858483,b0f066a214c2f5e87bad3c948f4d605d)
Start importing Assets/Plugins/JsonSubTypes using Guid(6640fc89e02604b27876061d00febbe8) Importer(2089858483,b0f066a214c2f5e87bad3c948f4d605d) (ScriptedImporter) -> (artifact id: '4c943ef9e502e05d5867ca8b16ab2f01') in 0.0026037 seconds
Number of updated asset objects reloaded before import = 0Number of asset objects unloaded after import = 1

========================================================================
Received Import Request.
  Time since last request: 0.000010 seconds.
  path: Assets/Plugins/Zenject/Source/Validation
  artifactKey: Guid(577ec212adf31e04bbd46b24f633f1e3) Importer(2089858483,b0f066a214c2f5e87bad3c948f4d605d)
Start importing Assets/Plugins/Zenject/Source/Validation using Guid(577ec212adf31e04bbd46b24f633f1e3) Importer(2089858483,b0f066a214c2f5e87bad3c948f4d605d) (ScriptedImporter) -> (artifact id: '0dc502edfa72feb11d1b5106651ee6a6') in 0.0020627 seconds
Number of updated asset objects reloaded before import = 0Number of asset objects unloaded after import = 1

========================================================================
Received Import Request.
  Time since last request: 0.000010 seconds.
  path: Assets/Plugins/Zenject/Source/Runtime/AnimatorInterfaces
  artifactKey: Guid(3c5ae8c1093da554d8bf77c912cc5433) Importer(2089858483,b0f066a214c2f5e87bad3c948f4d605d)
Start importing Assets/Plugins/Zenject/Source/Runtime/AnimatorInterfaces using Guid(3c5ae8c1093da554d8bf77c912cc5433) Importer(2089858483,b0f066a214c2f5e87bad3c948f4d605d) (ScriptedImporter) -> (artifact id: 'bff8ed65f96b9b55ae854d420107b75a') in 0.002417 seconds
Number of updated asset objects reloaded before import = 0Number of asset objects unloaded after import = 1

========================================================================
Received Import Request.
  Time since last request: 0.000013 seconds.
  path: Assets/CustomPackages/Package.Extensions/Editor/Addressables
  artifactKey: Guid(354e3fbf03e094951adae1f9cb724f2d) Importer(2089858483,b0f066a214c2f5e87bad3c948f4d605d)
Start importing Assets/CustomPackages/Package.Extensions/Editor/Addressables using Guid(354e3fbf03e094951adae1f9cb724f2d) Importer(2089858483,b0f066a214c2f5e87bad3c948f4d605d) (ScriptedImporter) -> (artifact id: '8a34d873e9398a8ea83cdb40389a0a0d') in 0.0023256 seconds
Number of updated asset objects reloaded before import = 0Number of asset objects unloaded after import = 1

========================================================================
Received Import Request.
  Time since last request: 0.000026 seconds.
  path: Assets/Plugins/UniRx/Scripts/InternalUtil
  artifactKey: Guid(5447488aa8cfb4f54bf4826d01829e17) Importer(2089858483,b0f066a214c2f5e87bad3c948f4d605d)
Start importing Assets/Plugins/UniRx/Scripts/InternalUtil using Guid(5447488aa8cfb4f54bf4826d01829e17) Importer(2089858483,b0f066a214c2f5e87bad3c948f4d605d) (ScriptedImporter) -> (artifact id: '7804dbf72ecf6105bb8ef84bc3fa8cc0') in 0.0025695 seconds
Number of updated asset objects reloaded before import = 0Number of asset objects unloaded after import = 1

========================================================================
Received Import Request.
  Time since last request: 0.000010 seconds.
  path: Assets/Plugins/Zenject/Source/Injection
  artifactKey: Guid(e36c66e30e287cf48b9bb264d4924562) Importer(2089858483,b0f066a214c2f5e87bad3c948f4d605d)
Start importing Assets/Plugins/Zenject/Source/Injection using Guid(e36c66e30e287cf48b9bb264d4924562) Importer(2089858483,b0f066a214c2f5e87bad3c948f4d605d) (ScriptedImporter) -> (artifact id: '427c817d8928e90a9eefe1c8405e3124') in 0.0021433 seconds
Number of updated asset objects reloaded before import = 0Number of asset objects unloaded after import = 1

========================================================================
Received Import Request.
  Time since last request: 0.000010 seconds.
  path: Assets/Plugins/Zenject/Source/Binding/Binders/FromBinders
  artifactKey: Guid(b62c8a25fc0c5d34680c100f745a80e1) Importer(2089858483,b0f066a214c2f5e87bad3c948f4d605d)
Start importing Assets/Plugins/Zenject/Source/Binding/Binders/FromBinders using Guid(b62c8a25fc0c5d34680c100f745a80e1) Importer(2089858483,b0f066a214c2f5e87bad3c948f4d605d) (ScriptedImporter) -> (artifact id: '2b8b318411bc05796b9af8ef418b8da8') in 0.0022572 seconds
Number of updated asset objects reloaded before import = 0Number of asset objects unloaded after import = 1

========================================================================
Received Import Request.
  Time since last request: 0.000009 seconds.
  path: Assets/Plugins/Zenject/OptionalExtras/IntegrationTests/Misc/TestZenAutoInjecter/Resources
  artifactKey: Guid(ca7257b7ad185bc43a1ffad049e91037) Importer(2089858483,b0f066a214c2f5e87bad3c948f4d605d)
Start importing Assets/Plugins/Zenject/OptionalExtras/IntegrationTests/Misc/TestZenAutoInjecter/Resources using Guid(ca7257b7ad185bc43a1ffad049e91037) Importer(2089858483,b0f066a214c2f5e87bad3c948f4d605d) (ScriptedImporter) -> (artifact id: '0c0a4b312b7fab71772f17cf9f961227') in 0.0027393 seconds
Number of updated asset objects reloaded before import = 0Number of asset objects unloaded after import = 1

========================================================================
Received Import Request.
  Time since last request: 0.000011 seconds.
  path: Assets/Features/Global/SaveSystem/Abstract
  artifactKey: Guid(d84c5e5d455cd4f59b198992392f6eb3) Importer(2089858483,b0f066a214c2f5e87bad3c948f4d605d)
Start importing Assets/Features/Global/SaveSystem/Abstract using Guid(d84c5e5d455cd4f59b198992392f6eb3) Importer(2089858483,b0f066a214c2f5e87bad3c948f4d605d) (ScriptedImporter) -> (artifact id: '19cabd1a95e32f534858c9c30d114fe4') in 0.002076 seconds
Number of updated asset objects reloaded before import = 0Number of asset objects unloaded after import = 1

========================================================================
Received Import Request.
  Time since last request: 0.000011 seconds.
  path: Assets/Plugins/Zenject/OptionalExtras/SampleGame1 (Beginner)/Media/Textures/Background/Materials
  artifactKey: Guid(93b8b198480ec8040b306406408200c3) Importer(2089858483,b0f066a214c2f5e87bad3c948f4d605d)
Start importing Assets/Plugins/Zenject/OptionalExtras/SampleGame1 (Beginner)/Media/Textures/Background/Materials using Guid(93b8b198480ec8040b306406408200c3) Importer(2089858483,b0f066a214c2f5e87bad3c948f4d605d) (ScriptedImporter) -> (artifact id: '6077df5f4ac4e2f08904125fa436fb1a') in 0.0024442 seconds
Number of updated asset objects reloaded before import = 0Number of asset objects unloaded after import = 1

========================================================================
Received Import Request.
  Time since last request: 0.000013 seconds.
  path: Assets/Plugins/Zenject/OptionalExtras/TestFramework
  artifactKey: Guid(dd37a6fe62077344583c1ff10a2f0962) Importer(2089858483,b0f066a214c2f5e87bad3c948f4d605d)
Start importing Assets/Plugins/Zenject/OptionalExtras/TestFramework using Guid(dd37a6fe62077344583c1ff10a2f0962) Importer(2089858483,b0f066a214c2f5e87bad3c948f4d605d) (ScriptedImporter) -> (artifact id: 'b0b7c4c9e2fa2cc53be6e6d1efc129b6') in 0.0027997 seconds
Number of updated asset objects reloaded before import = 0Number of asset objects unloaded after import = 1

========================================================================
Received Import Request.
  Time since last request: 0.000013 seconds.
  path: Assets/Features/Global/UI/Scripts/Global
  artifactKey: Guid(707f567f7bc74b779480e7868f03d30b) Importer(2089858483,b0f066a214c2f5e87bad3c948f4d605d)
Start importing Assets/Features/Global/UI/Scripts/Global using Guid(707f567f7bc74b779480e7868f03d30b) Importer(2089858483,b0f066a214c2f5e87bad3c948f4d605d) (ScriptedImporter) -> (artifact id: '5298bfb2e385bc75f0bb3e5b822688c5') in 0.0024479 seconds
Number of updated asset objects reloaded before import = 0Number of asset objects unloaded after import = 1

========================================================================
Received Import Request.
  Time since last request: 0.000018 seconds.
  path: Assets/Plugins/Zenject/OptionalExtras/SampleGame2 (Advanced)/Media
  artifactKey: Guid(a1430be932efe0d40923107fdc708b69) Importer(2089858483,b0f066a214c2f5e87bad3c948f4d605d)
Start importing Assets/Plugins/Zenject/OptionalExtras/SampleGame2 (Advanced)/Media using Guid(a1430be932efe0d40923107fdc708b69) Importer(2089858483,b0f066a214c2f5e87bad3c948f4d605d) (ScriptedImporter) -> (artifact id: '1fd5aec572ed2ce50926d02ed01606aa') in 0.0027957 seconds
Number of updated asset objects reloaded before import = 0Number of asset objects unloaded after import = 1

========================================================================
Received Import Request.
  Time since last request: 0.000011 seconds.
  path: Assets/Plugins/Zenject/OptionalExtras/SampleGame2 (Advanced)/Media/Models
  artifactKey: Guid(96f1cf13d4ff7b64a94cec1030ec9fb3) Importer(2089858483,b0f066a214c2f5e87bad3c948f4d605d)
Start importing Assets/Plugins/Zenject/OptionalExtras/SampleGame2 (Advanced)/Media/Models using Guid(96f1cf13d4ff7b64a94cec1030ec9fb3) Importer(2089858483,b0f066a214c2f5e87bad3c948f4d605d) (ScriptedImporter) -> (artifact id: '65233602183421f091400da96fc79ed5') in 0.0025911 seconds
Number of updated asset objects reloaded before import = 0Number of asset objects unloaded after import = 1

========================================================================
Received Import Request.
  Time since last request: 0.000011 seconds.
  path: Assets/Plugins/Zenject/OptionalExtras/IntegrationTests/Bindings/TestFromPrefab
  artifactKey: Guid(dd55361784401314ab1c348b1eaf6ca4) Importer(2089858483,b0f066a214c2f5e87bad3c948f4d605d)
Start importing Assets/Plugins/Zenject/OptionalExtras/IntegrationTests/Bindings/TestFromPrefab using Guid(dd55361784401314ab1c348b1eaf6ca4) Importer(2089858483,b0f066a214c2f5e87bad3c948f4d605d) (ScriptedImporter) -> (artifact id: '15b2e0700ae24bdb3d190310b31637af') in 0.0029553 seconds
Number of updated asset objects reloaded before import = 0Number of asset objects unloaded after import = 1

========================================================================
Received Import Request.
  Time since last request: 0.000017 seconds.
  path: Assets/Features/RogueLike
  artifactKey: Guid(c826e0b366091c045a409259ce32da67) Importer(2089858483,b0f066a214c2f5e87bad3c948f4d605d)
Start importing Assets/Features/RogueLike using Guid(c826e0b366091c045a409259ce32da67) Importer(2089858483,b0f066a214c2f5e87bad3c948f4d605d) (ScriptedImporter) -> (artifact id: '1854f98f2b5d985f1e04ad4d70ae2e38') in 0.002512 seconds
Number of updated asset objects reloaded before import = 0Number of asset objects unloaded after import = 1

========================================================================
Received Import Request.
  Time since last request: 0.000012 seconds.
  path: Assets/AddressableAssetsData/Windows
  artifactKey: Guid(c3507aa95b7a47d45b45835f90b945c6) Importer(2089858483,b0f066a214c2f5e87bad3c948f4d605d)
Start importing Assets/AddressableAssetsData/Windows using Guid(c3507aa95b7a47d45b45835f90b945c6) Importer(2089858483,b0f066a214c2f5e87bad3c948f4d605d) (ScriptedImporter) -> (artifact id: '94104309ab99f1f11c7342246b1886c7') in 0.0025406 seconds
Number of updated asset objects reloaded before import = 0Number of asset objects unloaded after import = 1

========================================================================
Received Import Request.
  Time since last request: 0.020464 seconds.
  path: Assets/CustomPackages/Package.Logging/Runtime/Scripts/Configs
  artifactKey: Guid(ca995fc162f24693b28e0101001486e6) Importer(2089858483,b0f066a214c2f5e87bad3c948f4d605d)
Start importing Assets/CustomPackages/Package.Logging/Runtime/Scripts/Configs using Guid(ca995fc162f24693b28e0101001486e6) Importer(2089858483,b0f066a214c2f5e87bad3c948f4d605d) (ScriptedImporter) -> (artifact id: '8b2b37a3986b0ee30014f93340611674') in 0.0029118 seconds
Number of updated asset objects reloaded before import = 0Number of asset objects unloaded after import = 1

========================================================================
Received Import Request.
  Time since last request: 0.000012 seconds.
  path: Assets/Plugins/SerializedCollections/Editor/Scripts/Data
  artifactKey: Guid(81bf46994f9232b4e8dcf467c109f046) Importer(2089858483,b0f066a214c2f5e87bad3c948f4d605d)
Start importing Assets/Plugins/SerializedCollections/Editor/Scripts/Data using Guid(81bf46994f9232b4e8dcf467c109f046) Importer(2089858483,b0f066a214c2f5e87bad3c948f4d605d) (ScriptedImporter) -> (artifact id: 'f376f726ea756af721dd4f053956ec92') in 0.0027913 seconds
Number of updated asset objects reloaded before import = 0Number of asset objects unloaded after import = 1

========================================================================
Received Import Request.
  Time since last request: 0.000016 seconds.
  path: Assets/CustomPackages/Package.StateMachine/States
  artifactKey: Guid(159f3c10a1610b9488c183a9f40b48a9) Importer(2089858483,b0f066a214c2f5e87bad3c948f4d605d)
Start importing Assets/CustomPackages/Package.StateMachine/States using Guid(159f3c10a1610b9488c183a9f40b48a9) Importer(2089858483,b0f066a214c2f5e87bad3c948f4d605d) (ScriptedImporter) -> (artifact id: 'ef6ed7891e33600ab6d6044d5b65d044') in 0.0021693 seconds
Number of updated asset objects reloaded before import = 0Number of asset objects unloaded after import = 1

========================================================================
Received Import Request.
  Time since last request: 0.000013 seconds.
  path: Assets/Plugins/Zenject/OptionalExtras/UnitTests/Editor/Conventions
  artifactKey: Guid(a06a3cca4f04a6245a9def6d9505c530) Importer(2089858483,b0f066a214c2f5e87bad3c948f4d605d)
Start importing Assets/Plugins/Zenject/OptionalExtras/UnitTests/Editor/Conventions using Guid(a06a3cca4f04a6245a9def6d9505c530) Importer(2089858483,b0f066a214c2f5e87bad3c948f4d605d) (ScriptedImporter) -> (artifact id: '5d9e955875075a6a9c669d2de491df90') in 0.0027815 seconds
Number of updated asset objects reloaded before import = 0Number of asset objects unloaded after import = 1

========================================================================
Received Import Request.
  Time since last request: 0.000012 seconds.
  path: Assets/Plugins/Zenject/OptionalExtras/SampleGame2 (Advanced)/Scripts
  artifactKey: Guid(eef941665900b434ea6d3fc8c6e9dbb6) Importer(2089858483,b0f066a214c2f5e87bad3c948f4d605d)
Start importing Assets/Plugins/Zenject/OptionalExtras/SampleGame2 (Advanced)/Scripts using Guid(eef941665900b434ea6d3fc8c6e9dbb6) Importer(2089858483,b0f066a214c2f5e87bad3c948f4d605d) (ScriptedImporter) -> (artifact id: '44e93c062b7b178b2b054b3aa99e3511') in 0.0022704 seconds
Number of updated asset objects reloaded before import = 0Number of asset objects unloaded after import = 1

========================================================================
Received Import Request.
  Time since last request: 0.000012 seconds.
  path: Assets/Plugins/SerializedCollections/Runtime/LookupTables
  artifactKey: Guid(f1444c3990d36354e9d53f3797d31080) Importer(2089858483,b0f066a214c2f5e87bad3c948f4d605d)
Start importing Assets/Plugins/SerializedCollections/Runtime/LookupTables using Guid(f1444c3990d36354e9d53f3797d31080) Importer(2089858483,b0f066a214c2f5e87bad3c948f4d605d) (ScriptedImporter) -> (artifact id: '61d333f259188b1dc56c10fe10dacec5') in 0.0028711 seconds
Number of updated asset objects reloaded before import = 0Number of asset objects unloaded after import = 1

========================================================================
Received Import Request.
  Time since last request: 0.000011 seconds.
  path: Assets/CustomPackages/Package.Extensions/Solo/Services
  artifactKey: Guid(e0cb74fb697048acae1b1d665240f907) Importer(2089858483,b0f066a214c2f5e87bad3c948f4d605d)
Start importing Assets/CustomPackages/Package.Extensions/Solo/Services using Guid(e0cb74fb697048acae1b1d665240f907) Importer(2089858483,b0f066a214c2f5e87bad3c948f4d605d) (ScriptedImporter) -> (artifact id: 'fd3b7551d6291ba7bce935f68784bcee') in 0.0022856 seconds
Number of updated asset objects reloaded before import = 0Number of asset objects unloaded after import = 1

========================================================================
Received Import Request.
  Time since last request: 0.000010 seconds.
  path: Assets/Features/Global/Effects/FlyingEffects
  artifactKey: Guid(0ad6a4fdb77f47c086b02dba42387ec5) Importer(2089858483,b0f066a214c2f5e87bad3c948f4d605d)
Start importing Assets/Features/Global/Effects/FlyingEffects using Guid(0ad6a4fdb77f47c086b02dba42387ec5) Importer(2089858483,b0f066a214c2f5e87bad3c948f4d605d) (ScriptedImporter) -> (artifact id: '261341fa8f653d2a6032764ca0507621') in 0.0021753 seconds
Number of updated asset objects reloaded before import = 0Number of asset objects unloaded after import = 1

========================================================================
Received Import Request.
  Time since last request: 0.000012 seconds.
  path: Assets/Plugins/Zenject/OptionalExtras/IntegrationTests/Factories/TestBindFactory
  artifactKey: Guid(7d625b6f595523d4a93a7e3a44843f00) Importer(2089858483,b0f066a214c2f5e87bad3c948f4d605d)
Start importing Assets/Plugins/Zenject/OptionalExtras/IntegrationTests/Factories/TestBindFactory using Guid(7d625b6f595523d4a93a7e3a44843f00) Importer(2089858483,b0f066a214c2f5e87bad3c948f4d605d) (ScriptedImporter) -> (artifact id: '2e71a6b6cac6c558ae737d271532df0f') in 0.0026252 seconds
Number of updated asset objects reloaded before import = 0Number of asset objects unloaded after import = 1

========================================================================
Received Import Request.
  Time since last request: 0.000013 seconds.
  path: Assets/Features/Global/SaveSystem/Implementation
  artifactKey: Guid(64d49405623a41169a7c9b77b2f68816) Importer(2089858483,b0f066a214c2f5e87bad3c948f4d605d)
Start importing Assets/Features/Global/SaveSystem/Implementation using Guid(64d49405623a41169a7c9b77b2f68816) Importer(2089858483,b0f066a214c2f5e87bad3c948f4d605d) (ScriptedImporter) -> (artifact id: '94fa948789fa75b4c9a7557cd7c379c8') in 0.0025986 seconds
Number of updated asset objects reloaded before import = 0Number of asset objects unloaded after import = 1

========================================================================
Received Import Request.
  Time since last request: 0.000016 seconds.
  path: Assets/Plugins/Zenject/OptionalExtras/MemoryPoolMonitor/Editor/Resources
  artifactKey: Guid(d2ca2f3310cb1f043806c4423a5ba68d) Importer(2089858483,b0f066a214c2f5e87bad3c948f4d605d)
Start importing Assets/Plugins/Zenject/OptionalExtras/MemoryPoolMonitor/Editor/Resources using Guid(d2ca2f3310cb1f043806c4423a5ba68d) Importer(2089858483,b0f066a214c2f5e87bad3c948f4d605d) (ScriptedImporter) -> (artifact id: '9f97e4edb0e044259a95e46551aaadad') in 0.0023923 seconds
Number of updated asset objects reloaded before import = 0Number of asset objects unloaded after import = 1

========================================================================
Received Import Request.
  Time since last request: 0.000013 seconds.
  path: Assets/Plugins/Zenject/OptionalExtras/SampleGame1 (Beginner)/Media/Imported
  artifactKey: Guid(48f6a1e1e8f9eef4a8767261db8c5e40) Importer(2089858483,b0f066a214c2f5e87bad3c948f4d605d)
Start importing Assets/Plugins/Zenject/OptionalExtras/SampleGame1 (Beginner)/Media/Imported using Guid(48f6a1e1e8f9eef4a8767261db8c5e40) Importer(2089858483,b0f066a214c2f5e87bad3c948f4d605d) (ScriptedImporter) -> (artifact id: '6425a30ae66c9180e02b17c7edd9330a') in 0.0023531 seconds
Number of updated asset objects reloaded before import = 0Number of asset objects unloaded after import = 1

========================================================================
Received Import Request.
  Time since last request: 0.000011 seconds.
  path: Assets/Features/Global/Rewards/Extensions
  artifactKey: Guid(74271a687cf14a9fb2417205af09af14) Importer(2089858483,b0f066a214c2f5e87bad3c948f4d605d)
Start importing Assets/Features/Global/Rewards/Extensions using Guid(74271a687cf14a9fb2417205af09af14) Importer(2089858483,b0f066a214c2f5e87bad3c948f4d605d) (ScriptedImporter) -> (artifact id: '60d4c2b343641e5130339771d7731bc2') in 0.0020123 seconds
Number of updated asset objects reloaded before import = 0Number of asset objects unloaded after import = 1

========================================================================
Received Import Request.
  Time since last request: 0.000012 seconds.
  path: Assets/Plugins/Zenject/OptionalExtras/IntegrationTests/SceneTests/TestSceneContextEvents/Tests/Resources/SceneTestFixtureSettings
  artifactKey: Guid(5057c97712e3340428c4eb9ebe87b39d) Importer(2089858483,b0f066a214c2f5e87bad3c948f4d605d)
Start importing Assets/Plugins/Zenject/OptionalExtras/IntegrationTests/SceneTests/TestSceneContextEvents/Tests/Resources/SceneTestFixtureSettings using Guid(5057c97712e3340428c4eb9ebe87b39d) Importer(2089858483,b0f066a214c2f5e87bad3c948f4d605d) (ScriptedImporter) -> (artifact id: '8f3b15bb27ab743896a0f8ee6f2e78c3') in 0.0021859 seconds
Number of updated asset objects reloaded before import = 0Number of asset objects unloaded after import = 1

========================================================================
Received Import Request.
  Time since last request: 0.000012 seconds.
  path: Assets/Plugins/Zenject/OptionalExtras/IntegrationTests/Factories/TestBindFactoryFive
  artifactKey: Guid(09f01ae6ec653de48ae46c0c0f554d0e) Importer(2089858483,b0f066a214c2f5e87bad3c948f4d605d)
Start importing Assets/Plugins/Zenject/OptionalExtras/IntegrationTests/Factories/TestBindFactoryFive using Guid(09f01ae6ec653de48ae46c0c0f554d0e) Importer(2089858483,b0f066a214c2f5e87bad3c948f4d605d) (ScriptedImporter) -> (artifact id: '9b28bb01b4ae6c58fd11f67a2aefd679') in 0.0028049 seconds
Number of updated asset objects reloaded before import = 0Number of asset objects unloaded after import = 1

========================================================================
Received Import Request.
  Time since last request: 0.000016 seconds.
  path: Assets/Plugins/Zenject/Source/Binding/Binders/Factory/FactoryFromBinder
  artifactKey: Guid(aa754ab1fdfa8714fb6eddd17108e5c6) Importer(2089858483,b0f066a214c2f5e87bad3c948f4d605d)
Start importing Assets/Plugins/Zenject/Source/Binding/Binders/Factory/FactoryFromBinder using Guid(aa754ab1fdfa8714fb6eddd17108e5c6) Importer(2089858483,b0f066a214c2f5e87bad3c948f4d605d) (ScriptedImporter) -> (artifact id: 'ef23a526d93afac66aa598c7f7846125') in 0.0024594 seconds
Number of updated asset objects reloaded before import = 0Number of asset objects unloaded after import = 1

========================================================================
Received Import Request.
  Time since last request: 0.000012 seconds.
  path: Assets/Plugins/Zenject/OptionalExtras/UnitTests/Editor/Injection
  artifactKey: Guid(502e37656c94f6b44b555b11dcf431c1) Importer(2089858483,b0f066a214c2f5e87bad3c948f4d605d)
Start importing Assets/Plugins/Zenject/OptionalExtras/UnitTests/Editor/Injection using Guid(502e37656c94f6b44b555b11dcf431c1) Importer(2089858483,b0f066a214c2f5e87bad3c948f4d605d) (ScriptedImporter) -> (artifact id: 'b20497ef5da6bb1f4db6e6fe64328f06') in 0.0024851 seconds
Number of updated asset objects reloaded before import = 0Number of asset objects unloaded after import = 1

========================================================================
Received Import Request.
  Time since last request: 0.000012 seconds.
  path: Assets/Plugins/Zenject/OptionalExtras/SampleGame2 (Advanced)
  artifactKey: Guid(8090e28cdc25e434895a7603ed5b5594) Importer(2089858483,b0f066a214c2f5e87bad3c948f4d605d)
Start importing Assets/Plugins/Zenject/OptionalExtras/SampleGame2 (Advanced) using Guid(8090e28cdc25e434895a7603ed5b5594) Importer(2089858483,b0f066a214c2f5e87bad3c948f4d605d) (ScriptedImporter) -> (artifact id: '2fc981795303794b4ab70a0cdb6d7a51') in 0.0026992 seconds
Number of updated asset objects reloaded before import = 0Number of asset objects unloaded after import = 1

========================================================================
Received Import Request.
  Time since last request: 0.000016 seconds.
  path: Assets/Plugins/Zenject/OptionalExtras/IntegrationTests/Factories
  artifactKey: Guid(58233303e8aad274bb44223c4fe67d5e) Importer(2089858483,b0f066a214c2f5e87bad3c948f4d605d)
Start importing Assets/Plugins/Zenject/OptionalExtras/IntegrationTests/Factories using Guid(58233303e8aad274bb44223c4fe67d5e) Importer(2089858483,b0f066a214c2f5e87bad3c948f4d605d) (ScriptedImporter) -> (artifact id: 'f3fe2d3806236f17faafac6319766513') in 0.0022565 seconds
Number of updated asset objects reloaded before import = 0Number of asset objects unloaded after import = 1

========================================================================
Received Import Request.
  Time since last request: 0.000015 seconds.
  path: Assets/Plugins/SerializedCollections/Runtime
  artifactKey: Guid(447b86ccb53a6c84b820cb2425bac606) Importer(2089858483,b0f066a214c2f5e87bad3c948f4d605d)
Start importing Assets/Plugins/SerializedCollections/Runtime using Guid(447b86ccb53a6c84b820cb2425bac606) Importer(2089858483,b0f066a214c2f5e87bad3c948f4d605d) (ScriptedImporter) -> (artifact id: '044ad71e6a152ec524d8e03471b183ea') in 0.00228 seconds
Number of updated asset objects reloaded before import = 0Number of asset objects unloaded after import = 1

========================================================================
Received Prepare
Script 'GridLayout' has the same name as built-in Unity component.
AddComponent and GetComponent will not work with this script.
'Packages/com.coffee.ui-effect/Runtime/Timeline/Base/UIEffectTimelineUtils.cs' contains partial class of Unity.Object, exactly 1 of the partial classes needs to be in a file with the same filename. This is to know the one that can be referenced from ie. GameObjects
'Packages/com.coffee.ui-effect/Runtime/Timeline/Base/UIEffectTimelineUtils.cs' contains partial class of Unity.Object, exactly 1 of the partial classes needs to be in a file with the same filename. This is to know the one that can be referenced from ie. GameObjects
Refreshing native plugins compatible for Editor in 2.75 ms, found 3 plugins.
Preloading 0 native plugins for Editor in 0.00 ms.
Unloading 17 Unused Serialized files (Serialized files now loaded: 0)
Unloading 8590 unused Assets / (5.4 MB). Loaded Objects now: 9446.
Memory consumption went from 169.3 MB to 163.8 MB.
Total: 17.217500 ms (FindLiveObjects: 1.323500 ms CreateObjectMapping: 1.311800 ms MarkObjects: 10.212700 ms  DeleteObjects: 4.367800 ms)

Prepare: number of updated asset objects reloaded= 0
========================================================================
Received Prepare
Begin MonoManager ReloadAssembly
[Licensing::Client] Successfully resolved entitlement details
[Licensing::Module] License group:
  Id: F4-PG26-BGYS-M5XU-E2PJ-XXXX
  Product: Unity Personal
  Type: ULF
  Expiration: Unlimited
[Licensing::Module] License group:
  Id: 7971760023286-UnityPersXXXX
  Product: Unity Personal
  Type: Assigned
  Expiration: Unlimited
Symbol file LoadedFromMemory is not a mono symbol file
- Loaded All Assemblies, in  1.286 seconds
Script 'GridLayout' has the same name as built-in Unity component.
AddComponent and GetComponent will not work with this script.
'Packages/com.coffee.ui-effect/Runtime/Timeline/Base/UIEffectTimelineUtils.cs' contains partial class of Unity.Object, exactly 1 of the partial classes needs to be in a file with the same filename. This is to know the one that can be referenced from ie. GameObjects
'Packages/com.coffee.ui-effect/Runtime/Timeline/Base/UIEffectTimelineUtils.cs' contains partial class of Unity.Object, exactly 1 of the partial classes needs to be in a file with the same filename. This is to know the one that can be referenced from ie. GameObjects
Refreshing native plugins compatible for Editor in 1.74 ms, found 3 plugins.
Native extension for UWP target not found
Native extension for WindowsStandalone target not found
[Package Manager] Failed to launch server process. Reason: Unity was launched with the -noUpm command-line argument
[Package Manager] Unable to send message (not connected to server process).
[Package Manager] Cannot connect to Unity Package Manager local server
[MODES] ModeService[none].Initialize
[MODES] ModeService[none].LoadModes
Mono: successfully reloaded assembly
- Finished resetting the current domain, in  1.084 seconds
Domain Reload Profiling: 2374ms
	BeginReloadAssembly (394ms)
		ExecutionOrderSort (0ms)
		DisableScriptedObjects (7ms)
		BackupInstance (0ms)
		ReleaseScriptingObjects (0ms)
		CreateAndSetChildDomain (85ms)
	RebuildCommonClasses (48ms)
	RebuildNativeTypeToScriptingClass (20ms)
	initialDomainReloadingComplete (37ms)
	LoadAllAssembliesAndSetupDomain (791ms)
		LoadAssemblies (700ms)
		RebuildTransferFunctionScriptingTraits (0ms)
		AnalyzeDomain (315ms)
			TypeCache.Refresh (23ms)
				TypeCache.ScanAssembly (4ms)
			BuildScriptInfoCaches (266ms)
			ResolveRequiredComponents (18ms)
	FinalizeReload (1084ms)
		ReleaseScriptCaches (0ms)
		RebuildScriptCaches (0ms)
		SetupLoadedEditorAssemblies (818ms)
			LogAssemblyErrors (0ms)
			InitializePlatformSupportModulesInManaged (2ms)
			SetLoadedEditorAssemblies (8ms)
			BeforeProcessingInitializeOnLoad (204ms)
			ProcessInitializeOnLoadAttributes (442ms)
			ProcessInitializeOnLoadMethodAttributes (159ms)
			AfterProcessingInitializeOnLoad (3ms)
			EditorAssembliesLoaded (0ms)
		ExecutionOrderSort2 (0ms)
		AwakeInstancesAfterBackupRestoration (23ms)
Refreshing native plugins compatible for Editor in 1.96 ms, found 3 plugins.
Preloading 0 native plugins for Editor in 0.00 ms.
Unloading 17 Unused Serialized files (Serialized files now loaded: 0)
Unloading 8600 unused Assets / (5.4 MB). Loaded Objects now: 9464.
Memory consumption went from 176.9 MB to 171.5 MB.
Total: 13.719600 ms (FindLiveObjects: 1.205300 ms CreateObjectMapping: 0.622200 ms MarkObjects: 8.174800 ms  DeleteObjects: 3.715600 ms)

Prepare: number of updated asset objects reloaded= 0
========================================================================
Received Prepare
Begin MonoManager ReloadAssembly
Symbol file LoadedFromMemory is not a mono symbol file
- Loaded All Assemblies, in  1.395 seconds
Script 'GridLayout' has the same name as built-in Unity component.
AddComponent and GetComponent will not work with this script.
'Packages/com.coffee.ui-effect/Runtime/Timeline/Base/UIEffectTimelineUtils.cs' contains partial class of Unity.Object, exactly 1 of the partial classes needs to be in a file with the same filename. This is to know the one that can be referenced from ie. GameObjects
'Packages/com.coffee.ui-effect/Runtime/Timeline/Base/UIEffectTimelineUtils.cs' contains partial class of Unity.Object, exactly 1 of the partial classes needs to be in a file with the same filename. This is to know the one that can be referenced from ie. GameObjects
Refreshing native plugins compatible for Editor in 1.54 ms, found 3 plugins.
Native extension for UWP target not found
Native extension for WindowsStandalone target not found
[Package Manager] Failed to launch server process. Reason: Unity was launched with the -noUpm command-line argument
[Package Manager] Unable to send message (not connected to server process).
[Package Manager] Cannot connect to Unity Package Manager local server
[MODES] ModeService[none].Initialize
[MODES] ModeService[none].LoadModes
Mono: successfully reloaded assembly
- Finished resetting the current domain, in  1.129 seconds
Domain Reload Profiling: 2527ms
	BeginReloadAssembly (478ms)
		ExecutionOrderSort (0ms)
		DisableScriptedObjects (9ms)
		BackupInstance (0ms)
		ReleaseScriptingObjects (0ms)
		CreateAndSetChildDomain (76ms)
	RebuildCommonClasses (52ms)
	RebuildNativeTypeToScriptingClass (19ms)
	initialDomainReloadingComplete (43ms)
	LoadAllAssembliesAndSetupDomain (807ms)
		LoadAssemblies (799ms)
		RebuildTransferFunctionScriptingTraits (0ms)
		AnalyzeDomain (317ms)
			TypeCache.Refresh (15ms)
				TypeCache.ScanAssembly (0ms)
			BuildScriptInfoCaches (275ms)
			ResolveRequiredComponents (20ms)
	FinalizeReload (1129ms)
		ReleaseScriptCaches (0ms)
		RebuildScriptCaches (0ms)
		SetupLoadedEditorAssemblies (860ms)
			LogAssemblyErrors (0ms)
			InitializePlatformSupportModulesInManaged (2ms)
			SetLoadedEditorAssemblies (7ms)
			BeforeProcessingInitializeOnLoad (220ms)
			ProcessInitializeOnLoadAttributes (444ms)
			ProcessInitializeOnLoadMethodAttributes (184ms)
			AfterProcessingInitializeOnLoad (2ms)
			EditorAssembliesLoaded (0ms)
		ExecutionOrderSort2 (0ms)
		AwakeInstancesAfterBackupRestoration (24ms)
Refreshing native plugins compatible for Editor in 2.55 ms, found 3 plugins.
Preloading 0 native plugins for Editor in 0.00 ms.
Unloading 17 Unused Serialized files (Serialized files now loaded: 0)
Unloading 8600 unused Assets / (5.5 MB). Loaded Objects now: 9471.
Memory consumption went from 177.0 MB to 171.5 MB.
Total: 14.127800 ms (FindLiveObjects: 1.267200 ms CreateObjectMapping: 0.823900 ms MarkObjects: 7.919200 ms  DeleteObjects: 4.115500 ms)

Prepare: number of updated asset objects reloaded= 0
========================================================================
Received Prepare
Script 'GridLayout' has the same name as built-in Unity component.
AddComponent and GetComponent will not work with this script.
'Packages/com.coffee.ui-effect/Runtime/Timeline/Base/UIEffectTimelineUtils.cs' contains partial class of Unity.Object, exactly 1 of the partial classes needs to be in a file with the same filename. This is to know the one that can be referenced from ie. GameObjects
'Packages/com.coffee.ui-effect/Runtime/Timeline/Base/UIEffectTimelineUtils.cs' contains partial class of Unity.Object, exactly 1 of the partial classes needs to be in a file with the same filename. This is to know the one that can be referenced from ie. GameObjects
Refreshing native plugins compatible for Editor in 2.56 ms, found 3 plugins.
Preloading 0 native plugins for Editor in 0.00 ms.
Unloading 17 Unused Serialized files (Serialized files now loaded: 0)
Unloading 8590 unused Assets / (4.6 MB). Loaded Objects now: 9471.
Memory consumption went from 177.1 MB to 172.6 MB.
Total: 26.557100 ms (FindLiveObjects: 1.253300 ms CreateObjectMapping: 1.261900 ms MarkObjects: 8.279700 ms  DeleteObjects: 15.760500 ms)

Prepare: number of updated asset objects reloaded= 0
========================================================================
Received Prepare
Begin MonoManager ReloadAssembly
[Licensing::Client] Successfully resolved entitlement details
[Licensing::Module] License group:
  Id: F4-PG26-BGYS-M5XU-E2PJ-XXXX
  Product: Unity Personal
  Type: ULF
  Expiration: Unlimited
[Licensing::Module] License group:
  Id: 7971760023286-UnityPersXXXX
  Product: Unity Personal
  Type: Assigned
  Expiration: Unlimited
Symbol file LoadedFromMemory is not a mono symbol file
- Loaded All Assemblies, in  1.305 seconds
Script 'GridLayout' has the same name as built-in Unity component.
AddComponent and GetComponent will not work with this script.
'Packages/com.coffee.ui-effect/Runtime/Timeline/Base/UIEffectTimelineUtils.cs' contains partial class of Unity.Object, exactly 1 of the partial classes needs to be in a file with the same filename. This is to know the one that can be referenced from ie. GameObjects
'Packages/com.coffee.ui-effect/Runtime/Timeline/Base/UIEffectTimelineUtils.cs' contains partial class of Unity.Object, exactly 1 of the partial classes needs to be in a file with the same filename. This is to know the one that can be referenced from ie. GameObjects
Refreshing native plugins compatible for Editor in 2.12 ms, found 3 plugins.
Native extension for UWP target not found
Native extension for WindowsStandalone target not found
[Package Manager] Failed to launch server process. Reason: Unity was launched with the -noUpm command-line argument
[Package Manager] Unable to send message (not connected to server process).
[Package Manager] Cannot connect to Unity Package Manager local server
[MODES] ModeService[none].Initialize
[MODES] ModeService[none].LoadModes
Mono: successfully reloaded assembly
- Finished resetting the current domain, in  1.235 seconds
Domain Reload Profiling: 2545ms
	BeginReloadAssembly (386ms)
		ExecutionOrderSort (0ms)
		DisableScriptedObjects (7ms)
		BackupInstance (0ms)
		ReleaseScriptingObjects (0ms)
		CreateAndSetChildDomain (79ms)
	RebuildCommonClasses (44ms)
	RebuildNativeTypeToScriptingClass (18ms)
	initialDomainReloadingComplete (36ms)
	LoadAllAssembliesAndSetupDomain (825ms)
		LoadAssemblies (667ms)
		RebuildTransferFunctionScriptingTraits (0ms)
		AnalyzeDomain (336ms)
			TypeCache.Refresh (27ms)
				TypeCache.ScanAssembly (5ms)
			BuildScriptInfoCaches (285ms)
			ResolveRequiredComponents (18ms)
	FinalizeReload (1236ms)
		ReleaseScriptCaches (0ms)
		RebuildScriptCaches (0ms)
		SetupLoadedEditorAssemblies (903ms)
			LogAssemblyErrors (0ms)
			InitializePlatformSupportModulesInManaged (2ms)
			SetLoadedEditorAssemblies (7ms)
			BeforeProcessingInitializeOnLoad (217ms)
			ProcessInitializeOnLoadAttributes (499ms)
			ProcessInitializeOnLoadMethodAttributes (171ms)
			AfterProcessingInitializeOnLoad (8ms)
			EditorAssembliesLoaded (1ms)
		ExecutionOrderSort2 (0ms)
		AwakeInstancesAfterBackupRestoration (48ms)
Refreshing native plugins compatible for Editor in 4.87 ms, found 3 plugins.
Preloading 0 native plugins for Editor in 0.00 ms.
Unloading 17 Unused Serialized files (Serialized files now loaded: 0)
Unloading 8600 unused Assets / (4.9 MB). Loaded Objects now: 9477.
Memory consumption went from 177.0 MB to 172.1 MB.
Total: 12.999800 ms (FindLiveObjects: 1.285200 ms CreateObjectMapping: 0.626900 ms MarkObjects: 7.571900 ms  DeleteObjects: 3.514400 ms)

Prepare: number of updated asset objects reloaded= 1
========================================================================
Received Prepare
Begin MonoManager ReloadAssembly
Symbol file LoadedFromMemory is not a mono symbol file
- Loaded All Assemblies, in  1.454 seconds
Script 'GridLayout' has the same name as built-in Unity component.
AddComponent and GetComponent will not work with this script.
'Packages/com.coffee.ui-effect/Runtime/Timeline/Base/UIEffectTimelineUtils.cs' contains partial class of Unity.Object, exactly 1 of the partial classes needs to be in a file with the same filename. This is to know the one that can be referenced from ie. GameObjects
'Packages/com.coffee.ui-effect/Runtime/Timeline/Base/UIEffectTimelineUtils.cs' contains partial class of Unity.Object, exactly 1 of the partial classes needs to be in a file with the same filename. This is to know the one that can be referenced from ie. GameObjects
Refreshing native plugins compatible for Editor in 2.82 ms, found 3 plugins.
Native extension for UWP target not found
Native extension for WindowsStandalone target not found
[Package Manager] Failed to launch server process. Reason: Unity was launched with the -noUpm command-line argument
[Package Manager] Unable to send message (not connected to server process).
[Package Manager] Cannot connect to Unity Package Manager local server
[MODES] ModeService[none].Initialize
[MODES] ModeService[none].LoadModes
Mono: successfully reloaded assembly
- Finished resetting the current domain, in  1.169 seconds
Domain Reload Profiling: 2628ms
	BeginReloadAssembly (441ms)
		ExecutionOrderSort (0ms)
		DisableScriptedObjects (8ms)
		BackupInstance (0ms)
		ReleaseScriptingObjects (0ms)
		CreateAndSetChildDomain (79ms)
	RebuildCommonClasses (93ms)
	RebuildNativeTypeToScriptingClass (19ms)
	initialDomainReloadingComplete (39ms)
	LoadAllAssembliesAndSetupDomain (866ms)
		LoadAssemblies (782ms)
		RebuildTransferFunctionScriptingTraits (0ms)
		AnalyzeDomain (357ms)
			TypeCache.Refresh (14ms)
				TypeCache.ScanAssembly (0ms)
			BuildScriptInfoCaches (316ms)
			ResolveRequiredComponents (21ms)
	FinalizeReload (1170ms)
		ReleaseScriptCaches (0ms)
		RebuildScriptCaches (0ms)
		SetupLoadedEditorAssemblies (889ms)
			LogAssemblyErrors (0ms)
			InitializePlatformSupportModulesInManaged (1ms)
			SetLoadedEditorAssemblies (6ms)
			BeforeProcessingInitializeOnLoad (203ms)
			ProcessInitializeOnLoadAttributes (512ms)
			ProcessInitializeOnLoadMethodAttributes (164ms)
			AfterProcessingInitializeOnLoad (3ms)
			EditorAssembliesLoaded (0ms)
		ExecutionOrderSort2 (0ms)
		AwakeInstancesAfterBackupRestoration (22ms)
Refreshing native plugins compatible for Editor in 2.58 ms, found 3 plugins.
Preloading 0 native plugins for Editor in 0.00 ms.
Unloading 17 Unused Serialized files (Serialized files now loaded: 0)
Unloading 8600 unused Assets / (5.1 MB). Loaded Objects now: 9483.
Memory consumption went from 177.1 MB to 172.0 MB.
Total: 14.116400 ms (FindLiveObjects: 1.239400 ms CreateObjectMapping: 0.674000 ms MarkObjects: 8.325700 ms  DeleteObjects: 3.875600 ms)

Prepare: number of updated asset objects reloaded= 0
========================================================================
Received Prepare
Script 'GridLayout' has the same name as built-in Unity component.
AddComponent and GetComponent will not work with this script.
'Packages/com.coffee.ui-effect/Runtime/Timeline/Base/UIEffectTimelineUtils.cs' contains partial class of Unity.Object, exactly 1 of the partial classes needs to be in a file with the same filename. This is to know the one that can be referenced from ie. GameObjects
'Packages/com.coffee.ui-effect/Runtime/Timeline/Base/UIEffectTimelineUtils.cs' contains partial class of Unity.Object, exactly 1 of the partial classes needs to be in a file with the same filename. This is to know the one that can be referenced from ie. GameObjects
Refreshing native plugins compatible for Editor in 1.51 ms, found 3 plugins.
Preloading 0 native plugins for Editor in 0.00 ms.
Unloading 17 Unused Serialized files (Serialized files now loaded: 0)
Unloading 8590 unused Assets / (4.9 MB). Loaded Objects now: 9483.
Memory consumption went from 177.2 MB to 172.4 MB.
Total: 31.850000 ms (FindLiveObjects: 0.656500 ms CreateObjectMapping: 0.596200 ms MarkObjects: 26.732300 ms  DeleteObjects: 3.863600 ms)

Prepare: number of updated asset objects reloaded= 0
========================================================================
Received Prepare
Begin MonoManager ReloadAssembly
Symbol file LoadedFromMemory is not a mono symbol file
- Loaded All Assemblies, in  1.088 seconds
Script 'GridLayout' has the same name as built-in Unity component.
AddComponent and GetComponent will not work with this script.
'Packages/com.coffee.ui-effect/Runtime/Timeline/Base/UIEffectTimelineUtils.cs' contains partial class of Unity.Object, exactly 1 of the partial classes needs to be in a file with the same filename. This is to know the one that can be referenced from ie. GameObjects
'Packages/com.coffee.ui-effect/Runtime/Timeline/Base/UIEffectTimelineUtils.cs' contains partial class of Unity.Object, exactly 1 of the partial classes needs to be in a file with the same filename. This is to know the one that can be referenced from ie. GameObjects
Refreshing native plugins compatible for Editor in 0.98 ms, found 3 plugins.
Native extension for UWP target not found
Native extension for WindowsStandalone target not found
[Package Manager] Failed to launch server process. Reason: Unity was launched with the -noUpm command-line argument
[Package Manager] Unable to send message (not connected to server process).
[Package Manager] Cannot connect to Unity Package Manager local server
[MODES] ModeService[none].Initialize
[MODES] ModeService[none].LoadModes
Mono: successfully reloaded assembly
- Finished resetting the current domain, in  0.859 seconds
Domain Reload Profiling: 1951ms
	BeginReloadAssembly (307ms)
		ExecutionOrderSort (0ms)
		DisableScriptedObjects (4ms)
		BackupInstance (0ms)
		ReleaseScriptingObjects (0ms)
		CreateAndSetChildDomain (85ms)
	RebuildCommonClasses (44ms)
	RebuildNativeTypeToScriptingClass (18ms)
	initialDomainReloadingComplete (30ms)
	LoadAllAssembliesAndSetupDomain (693ms)
		LoadAssemblies (507ms)
		RebuildTransferFunctionScriptingTraits (0ms)
		AnalyzeDomain (287ms)
			TypeCache.Refresh (14ms)
				TypeCache.ScanAssembly (3ms)
			BuildScriptInfoCaches (256ms)
			ResolveRequiredComponents (12ms)
	FinalizeReload (859ms)
		ReleaseScriptCaches (0ms)
		RebuildScriptCaches (0ms)
		SetupLoadedEditorAssemblies (712ms)
			LogAssemblyErrors (0ms)
			InitializePlatformSupportModulesInManaged (1ms)
			SetLoadedEditorAssemblies (4ms)
			BeforeProcessingInitializeOnLoad (172ms)
			ProcessInitializeOnLoadAttributes (396ms)
			ProcessInitializeOnLoadMethodAttributes (135ms)
			AfterProcessingInitializeOnLoad (2ms)
			EditorAssembliesLoaded (0ms)
		ExecutionOrderSort2 (0ms)
		AwakeInstancesAfterBackupRestoration (16ms)
Refreshing native plugins compatible for Editor in 1.53 ms, found 3 plugins.
Preloading 0 native plugins for Editor in 0.00 ms.
Unloading 17 Unused Serialized files (Serialized files now loaded: 0)
Unloading 8600 unused Assets / (4.7 MB). Loaded Objects now: 9489.
Memory consumption went from 177.1 MB to 172.4 MB.
Total: 25.803600 ms (FindLiveObjects: 0.790100 ms CreateObjectMapping: 0.690400 ms MarkObjects: 21.002500 ms  DeleteObjects: 3.319200 ms)

Prepare: number of updated asset objects reloaded= 1
========================================================================
Received Prepare
Begin MonoManager ReloadAssembly
Symbol file LoadedFromMemory is not a mono symbol file
- Loaded All Assemblies, in  1.091 seconds
Script 'GridLayout' has the same name as built-in Unity component.
AddComponent and GetComponent will not work with this script.
'Packages/com.coffee.ui-effect/Runtime/Timeline/Base/UIEffectTimelineUtils.cs' contains partial class of Unity.Object, exactly 1 of the partial classes needs to be in a file with the same filename. This is to know the one that can be referenced from ie. GameObjects
'Packages/com.coffee.ui-effect/Runtime/Timeline/Base/UIEffectTimelineUtils.cs' contains partial class of Unity.Object, exactly 1 of the partial classes needs to be in a file with the same filename. This is to know the one that can be referenced from ie. GameObjects
Refreshing native plugins compatible for Editor in 1.77 ms, found 3 plugins.
Native extension for UWP target not found
Native extension for WindowsStandalone target not found
[Package Manager] Failed to launch server process. Reason: Unity was launched with the -noUpm command-line argument
[Package Manager] Unable to send message (not connected to server process).
[Package Manager] Cannot connect to Unity Package Manager local server
[MODES] ModeService[none].Initialize
[MODES] ModeService[none].LoadModes
Mono: successfully reloaded assembly
- Finished resetting the current domain, in  0.857 seconds
Domain Reload Profiling: 1953ms
	BeginReloadAssembly (254ms)
		ExecutionOrderSort (0ms)
		DisableScriptedObjects (4ms)
		BackupInstance (0ms)
		ReleaseScriptingObjects (0ms)
		CreateAndSetChildDomain (70ms)
	RebuildCommonClasses (37ms)
	RebuildNativeTypeToScriptingClass (24ms)
	initialDomainReloadingComplete (106ms)
	LoadAllAssembliesAndSetupDomain (673ms)
		LoadAssemblies (510ms)
		RebuildTransferFunctionScriptingTraits (0ms)
		AnalyzeDomain (286ms)
			TypeCache.Refresh (6ms)
				TypeCache.ScanAssembly (0ms)
			BuildScriptInfoCaches (228ms)
			ResolveRequiredComponents (44ms)
	FinalizeReload (858ms)
		ReleaseScriptCaches (0ms)
		RebuildScriptCaches (0ms)
		SetupLoadedEditorAssemblies (638ms)
			LogAssemblyErrors (0ms)
			InitializePlatformSupportModulesInManaged (2ms)
			SetLoadedEditorAssemblies (6ms)
			BeforeProcessingInitializeOnLoad (170ms)
			ProcessInitializeOnLoadAttributes (351ms)
			ProcessInitializeOnLoadMethodAttributes (107ms)
			AfterProcessingInitializeOnLoad (2ms)
			EditorAssembliesLoaded (0ms)
		ExecutionOrderSort2 (0ms)
		AwakeInstancesAfterBackupRestoration (19ms)
Refreshing native plugins compatible for Editor in 1.34 ms, found 3 plugins.
Preloading 0 native plugins for Editor in 0.00 ms.
Unloading 17 Unused Serialized files (Serialized files now loaded: 0)
Unloading 8600 unused Assets / (5.0 MB). Loaded Objects now: 9495.
Memory consumption went from 177.2 MB to 172.2 MB.
Total: 12.877100 ms (FindLiveObjects: 1.031000 ms CreateObjectMapping: 0.996400 ms MarkObjects: 7.232300 ms  DeleteObjects: 3.616300 ms)

Prepare: number of updated asset objects reloaded= 0
========================================================================
Received Prepare
Script 'GridLayout' has the same name as built-in Unity component.
AddComponent and GetComponent will not work with this script.
'Packages/com.coffee.ui-effect/Runtime/Timeline/Base/UIEffectTimelineUtils.cs' contains partial class of Unity.Object, exactly 1 of the partial classes needs to be in a file with the same filename. This is to know the one that can be referenced from ie. GameObjects
'Packages/com.coffee.ui-effect/Runtime/Timeline/Base/UIEffectTimelineUtils.cs' contains partial class of Unity.Object, exactly 1 of the partial classes needs to be in a file with the same filename. This is to know the one that can be referenced from ie. GameObjects
Refreshing native plugins compatible for Editor in 1.81 ms, found 3 plugins.
Preloading 0 native plugins for Editor in 0.00 ms.
Unloading 17 Unused Serialized files (Serialized files now loaded: 0)
Unloading 8590 unused Assets / (4.7 MB). Loaded Objects now: 9495.
Memory consumption went from 177.3 MB to 172.6 MB.
Total: 10.986500 ms (FindLiveObjects: 0.816700 ms CreateObjectMapping: 0.699800 ms MarkObjects: 6.423800 ms  DeleteObjects: 3.044700 ms)

Prepare: number of updated asset objects reloaded= 0
========================================================================
Received Prepare
Begin MonoManager ReloadAssembly
[Licensing::Client] Successfully resolved entitlement details
[Licensing::Module] License group:
  Id: F4-PG26-BGYS-M5XU-E2PJ-XXXX
  Product: Unity Personal
  Type: ULF
  Expiration: Unlimited
[Licensing::Module] License group:
  Id: 7971760023286-UnityPersXXXX
  Product: Unity Personal
  Type: Assigned
  Expiration: Unlimited
Symbol file LoadedFromMemory is not a mono symbol file
- Loaded All Assemblies, in  0.674 seconds
Script 'GridLayout' has the same name as built-in Unity component.
AddComponent and GetComponent will not work with this script.
'Packages/com.coffee.ui-effect/Runtime/Timeline/Base/UIEffectTimelineUtils.cs' contains partial class of Unity.Object, exactly 1 of the partial classes needs to be in a file with the same filename. This is to know the one that can be referenced from ie. GameObjects
'Packages/com.coffee.ui-effect/Runtime/Timeline/Base/UIEffectTimelineUtils.cs' contains partial class of Unity.Object, exactly 1 of the partial classes needs to be in a file with the same filename. This is to know the one that can be referenced from ie. GameObjects
Refreshing native plugins compatible for Editor in 0.78 ms, found 3 plugins.
Native extension for UWP target not found
Native extension for WindowsStandalone target not found
[Package Manager] Failed to launch server process. Reason: Unity was launched with the -noUpm command-line argument
[Package Manager] Unable to send message (not connected to server process).
[Package Manager] Cannot connect to Unity Package Manager local server
[MODES] ModeService[none].Initialize
[MODES] ModeService[none].LoadModes
Mono: successfully reloaded assembly
- Finished resetting the current domain, in  0.612 seconds
Domain Reload Profiling: 1290ms
	BeginReloadAssembly (208ms)
		ExecutionOrderSort (0ms)
		DisableScriptedObjects (4ms)
		BackupInstance (0ms)
		ReleaseScriptingObjects (0ms)
		CreateAndSetChildDomain (38ms)
	RebuildCommonClasses (30ms)
	RebuildNativeTypeToScriptingClass (10ms)
	initialDomainReloadingComplete (18ms)
	LoadAllAssembliesAndSetupDomain (411ms)
		LoadAssemblies (344ms)
		RebuildTransferFunctionScriptingTraits (0ms)
		AnalyzeDomain (170ms)
			TypeCache.Refresh (13ms)
				TypeCache.ScanAssembly (3ms)
			BuildScriptInfoCaches (143ms)
			ResolveRequiredComponents (10ms)
	FinalizeReload (612ms)
		ReleaseScriptCaches (0ms)
		RebuildScriptCaches (0ms)
		SetupLoadedEditorAssemblies (476ms)
			LogAssemblyErrors (0ms)
			InitializePlatformSupportModulesInManaged (1ms)
			SetLoadedEditorAssemblies (4ms)
			BeforeProcessingInitializeOnLoad (111ms)
			ProcessInitializeOnLoadAttributes (271ms)
			ProcessInitializeOnLoadMethodAttributes (87ms)
			AfterProcessingInitializeOnLoad (1ms)
			EditorAssembliesLoaded (0ms)
		ExecutionOrderSort2 (0ms)
		AwakeInstancesAfterBackupRestoration (12ms)
Refreshing native plugins compatible for Editor in 1.48 ms, found 3 plugins.
Preloading 0 native plugins for Editor in 0.00 ms.
Unloading 17 Unused Serialized files (Serialized files now loaded: 0)
Unloading 8600 unused Assets / (4.8 MB). Loaded Objects now: 9501.
Memory consumption went from 177.2 MB to 172.4 MB.
Total: 11.222200 ms (FindLiveObjects: 0.803400 ms CreateObjectMapping: 0.656600 ms MarkObjects: 6.484100 ms  DeleteObjects: 3.276400 ms)

Prepare: number of updated asset objects reloaded= 1
========================================================================
Received Prepare
Begin MonoManager ReloadAssembly
Symbol file LoadedFromMemory is not a mono symbol file
- Loaded All Assemblies, in  0.613 seconds
Script 'GridLayout' has the same name as built-in Unity component.
AddComponent and GetComponent will not work with this script.
'Packages/com.coffee.ui-effect/Runtime/Timeline/Base/UIEffectTimelineUtils.cs' contains partial class of Unity.Object, exactly 1 of the partial classes needs to be in a file with the same filename. This is to know the one that can be referenced from ie. GameObjects
'Packages/com.coffee.ui-effect/Runtime/Timeline/Base/UIEffectTimelineUtils.cs' contains partial class of Unity.Object, exactly 1 of the partial classes needs to be in a file with the same filename. This is to know the one that can be referenced from ie. GameObjects
Refreshing native plugins compatible for Editor in 0.79 ms, found 3 plugins.
Native extension for UWP target not found
Native extension for WindowsStandalone target not found
[Package Manager] Failed to launch server process. Reason: Unity was launched with the -noUpm command-line argument
[Package Manager] Unable to send message (not connected to server process).
[Package Manager] Cannot connect to Unity Package Manager local server
[MODES] ModeService[none].Initialize
[MODES] ModeService[none].LoadModes
Mono: successfully reloaded assembly
- Finished resetting the current domain, in  0.572 seconds
Domain Reload Profiling: 1189ms
	BeginReloadAssembly (174ms)
		ExecutionOrderSort (0ms)
		DisableScriptedObjects (4ms)
		BackupInstance (0ms)
		ReleaseScriptingObjects (0ms)
		CreateAndSetChildDomain (37ms)
	RebuildCommonClasses (25ms)
	RebuildNativeTypeToScriptingClass (10ms)
	initialDomainReloadingComplete (18ms)
	LoadAllAssembliesAndSetupDomain (390ms)
		LoadAssemblies (314ms)
		RebuildTransferFunctionScriptingTraits (0ms)
		AnalyzeDomain (159ms)
			TypeCache.Refresh (6ms)
				TypeCache.ScanAssembly (0ms)
			BuildScriptInfoCaches (138ms)
			ResolveRequiredComponents (10ms)
	FinalizeReload (572ms)
		ReleaseScriptCaches (0ms)
		RebuildScriptCaches (0ms)
		SetupLoadedEditorAssemblies (440ms)
			LogAssemblyErrors (0ms)
			InitializePlatformSupportModulesInManaged (1ms)
			SetLoadedEditorAssemblies (5ms)
			BeforeProcessingInitializeOnLoad (108ms)
			ProcessInitializeOnLoadAttributes (245ms)
			ProcessInitializeOnLoadMethodAttributes (80ms)
			AfterProcessingInitializeOnLoad (1ms)
			EditorAssembliesLoaded (0ms)
		ExecutionOrderSort2 (0ms)
		AwakeInstancesAfterBackupRestoration (11ms)
Refreshing native plugins compatible for Editor in 1.53 ms, found 3 plugins.
Preloading 0 native plugins for Editor in 0.00 ms.
Unloading 17 Unused Serialized files (Serialized files now loaded: 0)
Unloading 8600 unused Assets / (4.7 MB). Loaded Objects now: 9507.
Memory consumption went from 177.2 MB to 172.5 MB.
Total: 11.581000 ms (FindLiveObjects: 0.753900 ms CreateObjectMapping: 0.771300 ms MarkObjects: 6.564000 ms  DeleteObjects: 3.489400 ms)

Prepare: number of updated asset objects reloaded= 0
========================================================================
Received Prepare
Begin MonoManager ReloadAssembly
[Licensing::Client] Successfully resolved entitlement details
[Licensing::Module] License group:
  Id: F4-PG26-BGYS-M5XU-E2PJ-XXXX
  Product: Unity Personal
  Type: ULF
  Expiration: Unlimited
[Licensing::Module] License group:
  Id: 7971760023286-UnityPersXXXX
  Product: Unity Personal
  Type: Assigned
  Expiration: Unlimited
Symbol file LoadedFromMemory is not a mono symbol file
- Loaded All Assemblies, in  0.609 seconds
Script 'GridLayout' has the same name as built-in Unity component.
AddComponent and GetComponent will not work with this script.
'Packages/com.coffee.ui-effect/Runtime/Timeline/Base/UIEffectTimelineUtils.cs' contains partial class of Unity.Object, exactly 1 of the partial classes needs to be in a file with the same filename. This is to know the one that can be referenced from ie. GameObjects
'Packages/com.coffee.ui-effect/Runtime/Timeline/Base/UIEffectTimelineUtils.cs' contains partial class of Unity.Object, exactly 1 of the partial classes needs to be in a file with the same filename. This is to know the one that can be referenced from ie. GameObjects
Refreshing native plugins compatible for Editor in 0.76 ms, found 3 plugins.
Native extension for UWP target not found
Native extension for WindowsStandalone target not found
[Package Manager] Failed to launch server process. Reason: Unity was launched with the -noUpm command-line argument
[Package Manager] Unable to send message (not connected to server process).
[Package Manager] Cannot connect to Unity Package Manager local server
[MODES] ModeService[none].Initialize
[MODES] ModeService[none].LoadModes
Mono: successfully reloaded assembly
- Finished resetting the current domain, in  0.556 seconds
Domain Reload Profiling: 1169ms
	BeginReloadAssembly (182ms)
		ExecutionOrderSort (0ms)
		DisableScriptedObjects (4ms)
		BackupInstance (0ms)
		ReleaseScriptingObjects (0ms)
		CreateAndSetChildDomain (39ms)
	RebuildCommonClasses (27ms)
	RebuildNativeTypeToScriptingClass (9ms)
	initialDomainReloadingComplete (20ms)
	LoadAllAssembliesAndSetupDomain (374ms)
		LoadAssemblies (306ms)
		RebuildTransferFunctionScriptingTraits (0ms)
		AnalyzeDomain (158ms)
			TypeCache.Refresh (7ms)
				TypeCache.ScanAssembly (0ms)
			BuildScriptInfoCaches (138ms)
			ResolveRequiredComponents (10ms)
	FinalizeReload (557ms)
		ReleaseScriptCaches (0ms)
		RebuildScriptCaches (0ms)
		SetupLoadedEditorAssemblies (428ms)
			LogAssemblyErrors (0ms)
			InitializePlatformSupportModulesInManaged (1ms)
			SetLoadedEditorAssemblies (4ms)
			BeforeProcessingInitializeOnLoad (100ms)
			ProcessInitializeOnLoadAttributes (237ms)
			ProcessInitializeOnLoadMethodAttributes (82ms)
			AfterProcessingInitializeOnLoad (3ms)
			EditorAssembliesLoaded (0ms)
		ExecutionOrderSort2 (0ms)
		AwakeInstancesAfterBackupRestoration (12ms)
Refreshing native plugins compatible for Editor in 1.60 ms, found 3 plugins.
Preloading 0 native plugins for Editor in 0.00 ms.
Unloading 17 Unused Serialized files (Serialized files now loaded: 0)
Unloading 8600 unused Assets / (4.7 MB). Loaded Objects now: 9513.
Memory consumption went from 177.3 MB to 172.6 MB.
Total: 18.958100 ms (FindLiveObjects: 0.806100 ms CreateObjectMapping: 0.725000 ms MarkObjects: 14.246100 ms  DeleteObjects: 3.178700 ms)

Prepare: number of updated asset objects reloaded= 1
========================================================================
Received Prepare
Begin MonoManager ReloadAssembly
Symbol file LoadedFromMemory is not a mono symbol file
- Loaded All Assemblies, in  0.631 seconds
Script 'GridLayout' has the same name as built-in Unity component.
AddComponent and GetComponent will not work with this script.
'Packages/com.coffee.ui-effect/Runtime/Timeline/Base/UIEffectTimelineUtils.cs' contains partial class of Unity.Object, exactly 1 of the partial classes needs to be in a file with the same filename. This is to know the one that can be referenced from ie. GameObjects
'Packages/com.coffee.ui-effect/Runtime/Timeline/Base/UIEffectTimelineUtils.cs' contains partial class of Unity.Object, exactly 1 of the partial classes needs to be in a file with the same filename. This is to know the one that can be referenced from ie. GameObjects
Refreshing native plugins compatible for Editor in 0.98 ms, found 3 plugins.
Native extension for UWP target not found
Native extension for WindowsStandalone target not found
[Package Manager] Failed to launch server process. Reason: Unity was launched with the -noUpm command-line argument
[Package Manager] Unable to send message (not connected to server process).
[Package Manager] Cannot connect to Unity Package Manager local server
[MODES] ModeService[none].Initialize
[MODES] ModeService[none].LoadModes
Mono: successfully reloaded assembly
- Finished resetting the current domain, in  0.566 seconds
Domain Reload Profiling: 1201ms
	BeginReloadAssembly (181ms)
		ExecutionOrderSort (0ms)
		DisableScriptedObjects (4ms)
		BackupInstance (0ms)
		ReleaseScriptingObjects (0ms)
		CreateAndSetChildDomain (39ms)
	RebuildCommonClasses (27ms)
	RebuildNativeTypeToScriptingClass (11ms)
	initialDomainReloadingComplete (24ms)
	LoadAllAssembliesAndSetupDomain (392ms)
		LoadAssemblies (308ms)
		RebuildTransferFunctionScriptingTraits (0ms)
		AnalyzeDomain (168ms)
			TypeCache.Refresh (6ms)
				TypeCache.ScanAssembly (0ms)
			BuildScriptInfoCaches (148ms)
			ResolveRequiredComponents (10ms)
	FinalizeReload (566ms)
		ReleaseScriptCaches (0ms)
		RebuildScriptCaches (0ms)
		SetupLoadedEditorAssemblies (438ms)
			LogAssemblyErrors (0ms)
			InitializePlatformSupportModulesInManaged (1ms)
			SetLoadedEditorAssemblies (4ms)
			BeforeProcessingInitializeOnLoad (105ms)
			ProcessInitializeOnLoadAttributes (242ms)
			ProcessInitializeOnLoadMethodAttributes (84ms)
			AfterProcessingInitializeOnLoad (1ms)
			EditorAssembliesLoaded (0ms)
		ExecutionOrderSort2 (0ms)
		AwakeInstancesAfterBackupRestoration (13ms)
Refreshing native plugins compatible for Editor in 1.33 ms, found 3 plugins.
Preloading 0 native plugins for Editor in 0.00 ms.
Unloading 17 Unused Serialized files (Serialized files now loaded: 0)
Unloading 8600 unused Assets / (5.0 MB). Loaded Objects now: 9519.
Memory consumption went from 177.3 MB to 172.4 MB.
Total: 14.784900 ms (FindLiveObjects: 0.716800 ms CreateObjectMapping: 0.752500 ms MarkObjects: 9.785200 ms  DeleteObjects: 3.528600 ms)

Prepare: number of updated asset objects reloaded= 0
========================================================================
Received Prepare
Begin MonoManager ReloadAssembly
Symbol file LoadedFromMemory is not a mono symbol file
- Loaded All Assemblies, in  0.624 seconds
Script 'GridLayout' has the same name as built-in Unity component.
AddComponent and GetComponent will not work with this script.
'Packages/com.coffee.ui-effect/Runtime/Timeline/Base/UIEffectTimelineUtils.cs' contains partial class of Unity.Object, exactly 1 of the partial classes needs to be in a file with the same filename. This is to know the one that can be referenced from ie. GameObjects
'Packages/com.coffee.ui-effect/Runtime/Timeline/Base/UIEffectTimelineUtils.cs' contains partial class of Unity.Object, exactly 1 of the partial classes needs to be in a file with the same filename. This is to know the one that can be referenced from ie. GameObjects
Refreshing native plugins compatible for Editor in 0.85 ms, found 3 plugins.
Native extension for UWP target not found
Native extension for WindowsStandalone target not found
[Package Manager] Failed to launch server process. Reason: Unity was launched with the -noUpm command-line argument
[Package Manager] Unable to send message (not connected to server process).
[Package Manager] Cannot connect to Unity Package Manager local server
[MODES] ModeService[none].Initialize
[MODES] ModeService[none].LoadModes
Mono: successfully reloaded assembly
- Finished resetting the current domain, in  0.544 seconds
Domain Reload Profiling: 1172ms
	BeginReloadAssembly (175ms)
		ExecutionOrderSort (0ms)
		DisableScriptedObjects (4ms)
		BackupInstance (0ms)
		ReleaseScriptingObjects (0ms)
		CreateAndSetChildDomain (38ms)
	RebuildCommonClasses (25ms)
	RebuildNativeTypeToScriptingClass (10ms)
	initialDomainReloadingComplete (20ms)
	LoadAllAssembliesAndSetupDomain (397ms)
		LoadAssemblies (323ms)
		RebuildTransferFunctionScriptingTraits (0ms)
		AnalyzeDomain (161ms)
			TypeCache.Refresh (7ms)
				TypeCache.ScanAssembly (0ms)
			BuildScriptInfoCaches (140ms)
			ResolveRequiredComponents (10ms)
	FinalizeReload (544ms)
		ReleaseScriptCaches (0ms)
		RebuildScriptCaches (0ms)
		SetupLoadedEditorAssemblies (425ms)
			LogAssemblyErrors (0ms)
			InitializePlatformSupportModulesInManaged (1ms)
			SetLoadedEditorAssemblies (5ms)
			BeforeProcessingInitializeOnLoad (102ms)
			ProcessInitializeOnLoadAttributes (236ms)
			ProcessInitializeOnLoadMethodAttributes (80ms)
			AfterProcessingInitializeOnLoad (1ms)
			EditorAssembliesLoaded (0ms)
		ExecutionOrderSort2 (0ms)
		AwakeInstancesAfterBackupRestoration (11ms)
Refreshing native plugins compatible for Editor in 1.52 ms, found 3 plugins.
Preloading 0 native plugins for Editor in 0.00 ms.
Unloading 17 Unused Serialized files (Serialized files now loaded: 0)
Unloading 8600 unused Assets / (4.4 MB). Loaded Objects now: 9525.
Memory consumption went from 177.4 MB to 172.9 MB.
Total: 14.275500 ms (FindLiveObjects: 0.794600 ms CreateObjectMapping: 0.733800 ms MarkObjects: 9.383800 ms  DeleteObjects: 3.361300 ms)

Prepare: number of updated asset objects reloaded= 1
========================================================================
Received Prepare
Begin MonoManager ReloadAssembly
Symbol file LoadedFromMemory is not a mono symbol file
- Loaded All Assemblies, in  0.649 seconds
Script 'GridLayout' has the same name as built-in Unity component.
AddComponent and GetComponent will not work with this script.
'Packages/com.coffee.ui-effect/Runtime/Timeline/Base/UIEffectTimelineUtils.cs' contains partial class of Unity.Object, exactly 1 of the partial classes needs to be in a file with the same filename. This is to know the one that can be referenced from ie. GameObjects
'Packages/com.coffee.ui-effect/Runtime/Timeline/Base/UIEffectTimelineUtils.cs' contains partial class of Unity.Object, exactly 1 of the partial classes needs to be in a file with the same filename. This is to know the one that can be referenced from ie. GameObjects
Refreshing native plugins compatible for Editor in 0.74 ms, found 3 plugins.
Native extension for UWP target not found
Native extension for WindowsStandalone target not found
[Package Manager] Failed to launch server process. Reason: Unity was launched with the -noUpm command-line argument
[Package Manager] Unable to send message (not connected to server process).
[Package Manager] Cannot connect to Unity Package Manager local server
[MODES] ModeService[none].Initialize
[MODES] ModeService[none].LoadModes
Mono: successfully reloaded assembly
- Finished resetting the current domain, in  0.583 seconds
Domain Reload Profiling: 1236ms
	BeginReloadAssembly (188ms)
		ExecutionOrderSort (0ms)
		DisableScriptedObjects (4ms)
		BackupInstance (0ms)
		ReleaseScriptingObjects (0ms)
		CreateAndSetChildDomain (45ms)
	RebuildCommonClasses (30ms)
	RebuildNativeTypeToScriptingClass (11ms)
	initialDomainReloadingComplete (23ms)
	LoadAllAssembliesAndSetupDomain (401ms)
		LoadAssemblies (317ms)
		RebuildTransferFunctionScriptingTraits (0ms)
		AnalyzeDomain (172ms)
			TypeCache.Refresh (7ms)
				TypeCache.ScanAssembly (0ms)
			BuildScriptInfoCaches (151ms)
			ResolveRequiredComponents (10ms)
	FinalizeReload (583ms)
		ReleaseScriptCaches (0ms)
		RebuildScriptCaches (0ms)
		SetupLoadedEditorAssemblies (453ms)
			LogAssemblyErrors (0ms)
			InitializePlatformSupportModulesInManaged (1ms)
			SetLoadedEditorAssemblies (4ms)
			BeforeProcessingInitializeOnLoad (109ms)
			ProcessInitializeOnLoadAttributes (248ms)
			ProcessInitializeOnLoadMethodAttributes (89ms)
			AfterProcessingInitializeOnLoad (1ms)
			EditorAssembliesLoaded (0ms)
		ExecutionOrderSort2 (0ms)
		AwakeInstancesAfterBackupRestoration (12ms)
Refreshing native plugins compatible for Editor in 1.36 ms, found 3 plugins.
Preloading 0 native plugins for Editor in 0.00 ms.
Unloading 17 Unused Serialized files (Serialized files now loaded: 0)
Unloading 8600 unused Assets / (4.8 MB). Loaded Objects now: 9531.
Memory consumption went from 177.4 MB to 172.6 MB.
Total: 84.654700 ms (FindLiveObjects: 0.783000 ms CreateObjectMapping: 0.763600 ms MarkObjects: 79.885900 ms  DeleteObjects: 3.220700 ms)

Prepare: number of updated asset objects reloaded= 0
========================================================================
Received Prepare
Begin MonoManager ReloadAssembly
Symbol file LoadedFromMemory is not a mono symbol file
- Loaded All Assemblies, in  0.604 seconds
Script 'GridLayout' has the same name as built-in Unity component.
AddComponent and GetComponent will not work with this script.
'Packages/com.coffee.ui-effect/Runtime/Timeline/Base/UIEffectTimelineUtils.cs' contains partial class of Unity.Object, exactly 1 of the partial classes needs to be in a file with the same filename. This is to know the one that can be referenced from ie. GameObjects
'Packages/com.coffee.ui-effect/Runtime/Timeline/Base/UIEffectTimelineUtils.cs' contains partial class of Unity.Object, exactly 1 of the partial classes needs to be in a file with the same filename. This is to know the one that can be referenced from ie. GameObjects
Refreshing native plugins compatible for Editor in 0.73 ms, found 3 plugins.
Native extension for UWP target not found
Native extension for WindowsStandalone target not found
[Package Manager] Failed to launch server process. Reason: Unity was launched with the -noUpm command-line argument
[Package Manager] Unable to send message (not connected to server process).
[Package Manager] Cannot connect to Unity Package Manager local server
[MODES] ModeService[none].Initialize
[MODES] ModeService[none].LoadModes
Mono: successfully reloaded assembly
- Finished resetting the current domain, in  0.539 seconds
Domain Reload Profiling: 1148ms
	BeginReloadAssembly (182ms)
		ExecutionOrderSort (0ms)
		DisableScriptedObjects (4ms)
		BackupInstance (0ms)
		ReleaseScriptingObjects (0ms)
		CreateAndSetChildDomain (45ms)
	RebuildCommonClasses (24ms)
	RebuildNativeTypeToScriptingClass (9ms)
	initialDomainReloadingComplete (19ms)
	LoadAllAssembliesAndSetupDomain (374ms)
		LoadAssemblies (298ms)
		RebuildTransferFunctionScriptingTraits (0ms)
		AnalyzeDomain (157ms)
			TypeCache.Refresh (7ms)
				TypeCache.ScanAssembly (0ms)
			BuildScriptInfoCaches (136ms)
			ResolveRequiredComponents (10ms)
	FinalizeReload (540ms)
		ReleaseScriptCaches (0ms)
		RebuildScriptCaches (0ms)
		SetupLoadedEditorAssemblies (419ms)
			LogAssemblyErrors (0ms)
			InitializePlatformSupportModulesInManaged (1ms)
			SetLoadedEditorAssemblies (5ms)
			BeforeProcessingInitializeOnLoad (101ms)
			ProcessInitializeOnLoadAttributes (230ms)
			ProcessInitializeOnLoadMethodAttributes (80ms)
			AfterProcessingInitializeOnLoad (1ms)
			EditorAssembliesLoaded (0ms)
		ExecutionOrderSort2 (0ms)
		AwakeInstancesAfterBackupRestoration (12ms)
Refreshing native plugins compatible for Editor in 1.68 ms, found 3 plugins.
Preloading 0 native plugins for Editor in 0.00 ms.
Unloading 17 Unused Serialized files (Serialized files now loaded: 0)
Unloading 8600 unused Assets / (4.8 MB). Loaded Objects now: 9537.
Memory consumption went from 177.5 MB to 172.6 MB.
Total: 11.911300 ms (FindLiveObjects: 0.852200 ms CreateObjectMapping: 0.756200 ms MarkObjects: 6.769600 ms  DeleteObjects: 3.531500 ms)

Prepare: number of updated asset objects reloaded= 1
========================================================================
Received Prepare
Begin MonoManager ReloadAssembly
Symbol file LoadedFromMemory is not a mono symbol file
- Loaded All Assemblies, in  0.617 seconds
Script 'GridLayout' has the same name as built-in Unity component.
AddComponent and GetComponent will not work with this script.
'Packages/com.coffee.ui-effect/Runtime/Timeline/Base/UIEffectTimelineUtils.cs' contains partial class of Unity.Object, exactly 1 of the partial classes needs to be in a file with the same filename. This is to know the one that can be referenced from ie. GameObjects
'Packages/com.coffee.ui-effect/Runtime/Timeline/Base/UIEffectTimelineUtils.cs' contains partial class of Unity.Object, exactly 1 of the partial classes needs to be in a file with the same filename. This is to know the one that can be referenced from ie. GameObjects
Refreshing native plugins compatible for Editor in 0.78 ms, found 3 plugins.
Native extension for UWP target not found
Native extension for WindowsStandalone target not found
[Package Manager] Failed to launch server process. Reason: Unity was launched with the -noUpm command-line argument
[Package Manager] Unable to send message (not connected to server process).
[Package Manager] Cannot connect to Unity Package Manager local server
[MODES] ModeService[none].Initialize
[MODES] ModeService[none].LoadModes
Mono: successfully reloaded assembly
- Finished resetting the current domain, in  0.568 seconds
Domain Reload Profiling: 1189ms
	BeginReloadAssembly (177ms)
		ExecutionOrderSort (0ms)
		DisableScriptedObjects (4ms)
		BackupInstance (0ms)
		ReleaseScriptingObjects (0ms)
		CreateAndSetChildDomain (40ms)
	RebuildCommonClasses (26ms)
	RebuildNativeTypeToScriptingClass (10ms)
	initialDomainReloadingComplete (19ms)
	LoadAllAssembliesAndSetupDomain (388ms)
		LoadAssemblies (306ms)
		RebuildTransferFunctionScriptingTraits (0ms)
		AnalyzeDomain (165ms)
			TypeCache.Refresh (6ms)
				TypeCache.ScanAssembly (0ms)
			BuildScriptInfoCaches (144ms)
			ResolveRequiredComponents (10ms)
	FinalizeReload (569ms)
		ReleaseScriptCaches (0ms)
		RebuildScriptCaches (0ms)
		SetupLoadedEditorAssemblies (436ms)
			LogAssemblyErrors (0ms)
			InitializePlatformSupportModulesInManaged (1ms)
			SetLoadedEditorAssemblies (5ms)
			BeforeProcessingInitializeOnLoad (104ms)
			ProcessInitializeOnLoadAttributes (239ms)
			ProcessInitializeOnLoadMethodAttributes (86ms)
			AfterProcessingInitializeOnLoad (2ms)
			EditorAssembliesLoaded (0ms)
		ExecutionOrderSort2 (0ms)
		AwakeInstancesAfterBackupRestoration (14ms)
Refreshing native plugins compatible for Editor in 1.90 ms, found 3 plugins.
Preloading 0 native plugins for Editor in 0.00 ms.
Unloading 17 Unused Serialized files (Serialized files now loaded: 0)
Unloading 8600 unused Assets / (4.8 MB). Loaded Objects now: 9543.
Memory consumption went from 177.5 MB to 172.7 MB.
Total: 11.517900 ms (FindLiveObjects: 0.950100 ms CreateObjectMapping: 0.789300 ms MarkObjects: 6.567300 ms  DeleteObjects: 3.210000 ms)

Prepare: number of updated asset objects reloaded= 0
========================================================================
Received Prepare
Script 'GridLayout' has the same name as built-in Unity component.
AddComponent and GetComponent will not work with this script.
'Packages/com.coffee.ui-effect/Runtime/Timeline/Base/UIEffectTimelineUtils.cs' contains partial class of Unity.Object, exactly 1 of the partial classes needs to be in a file with the same filename. This is to know the one that can be referenced from ie. GameObjects
'Packages/com.coffee.ui-effect/Runtime/Timeline/Base/UIEffectTimelineUtils.cs' contains partial class of Unity.Object, exactly 1 of the partial classes needs to be in a file with the same filename. This is to know the one that can be referenced from ie. GameObjects
Refreshing native plugins compatible for Editor in 2.46 ms, found 3 plugins.
Preloading 0 native plugins for Editor in 0.00 ms.
Unloading 17 Unused Serialized files (Serialized files now loaded: 0)
Unloading 8590 unused Assets / (4.7 MB). Loaded Objects now: 9543.
Memory consumption went from 177.7 MB to 172.9 MB.
Total: 14.913700 ms (FindLiveObjects: 1.222800 ms CreateObjectMapping: 0.622500 ms MarkObjects: 10.005600 ms  DeleteObjects: 3.061600 ms)

Prepare: number of updated asset objects reloaded= 0
========================================================================
Received Prepare
Begin MonoManager ReloadAssembly
[Licensing::Client] Successfully resolved entitlement details
[Licensing::Module] License group:
  Id: F4-PG26-BGYS-M5XU-E2PJ-XXXX
  Product: Unity Personal
  Type: ULF
  Expiration: Unlimited
[Licensing::Module] License group:
  Id: 7971760023286-UnityPersXXXX
  Product: Unity Personal
  Type: Assigned
  Expiration: Unlimited
Symbol file LoadedFromMemory is not a mono symbol file
- Loaded All Assemblies, in  1.378 seconds
Script 'GridLayout' has the same name as built-in Unity component.
AddComponent and GetComponent will not work with this script.
'Packages/com.coffee.ui-effect/Runtime/Timeline/Base/UIEffectTimelineUtils.cs' contains partial class of Unity.Object, exactly 1 of the partial classes needs to be in a file with the same filename. This is to know the one that can be referenced from ie. GameObjects
'Packages/com.coffee.ui-effect/Runtime/Timeline/Base/UIEffectTimelineUtils.cs' contains partial class of Unity.Object, exactly 1 of the partial classes needs to be in a file with the same filename. This is to know the one that can be referenced from ie. GameObjects
Refreshing native plugins compatible for Editor in 2.55 ms, found 3 plugins.
Native extension for UWP target not found
Native extension for WindowsStandalone target not found
[Package Manager] Failed to launch server process. Reason: Unity was launched with the -noUpm command-line argument
[Package Manager] Unable to send message (not connected to server process).
[Package Manager] Cannot connect to Unity Package Manager local server
[MODES] ModeService[none].Initialize
[MODES] ModeService[none].LoadModes
Mono: successfully reloaded assembly
- Finished resetting the current domain, in  1.049 seconds
Domain Reload Profiling: 2431ms
	BeginReloadAssembly (524ms)
		ExecutionOrderSort (0ms)
		DisableScriptedObjects (7ms)
		BackupInstance (0ms)
		ReleaseScriptingObjects (0ms)
		CreateAndSetChildDomain (68ms)
	RebuildCommonClasses (43ms)
	RebuildNativeTypeToScriptingClass (18ms)
	initialDomainReloadingComplete (36ms)
	LoadAllAssembliesAndSetupDomain (760ms)
		LoadAssemblies (855ms)
		RebuildTransferFunctionScriptingTraits (0ms)
		AnalyzeDomain (278ms)
			TypeCache.Refresh (18ms)
				TypeCache.ScanAssembly (4ms)
			BuildScriptInfoCaches (237ms)
			ResolveRequiredComponents (17ms)
	FinalizeReload (1050ms)
		ReleaseScriptCaches (0ms)
		RebuildScriptCaches (0ms)
		SetupLoadedEditorAssemblies (818ms)
			LogAssemblyErrors (0ms)
			InitializePlatformSupportModulesInManaged (3ms)
			SetLoadedEditorAssemblies (8ms)
			BeforeProcessingInitializeOnLoad (229ms)
			ProcessInitializeOnLoadAttributes (428ms)
			ProcessInitializeOnLoadMethodAttributes (147ms)
			AfterProcessingInitializeOnLoad (3ms)
			EditorAssembliesLoaded (0ms)
		ExecutionOrderSort2 (0ms)
		AwakeInstancesAfterBackupRestoration (20ms)
Refreshing native plugins compatible for Editor in 1.61 ms, found 3 plugins.
Preloading 0 native plugins for Editor in 0.00 ms.
Unloading 17 Unused Serialized files (Serialized files now loaded: 0)
Unloading 8600 unused Assets / (4.8 MB). Loaded Objects now: 9549.
Memory consumption went from 177.5 MB to 172.8 MB.
Total: 11.675900 ms (FindLiveObjects: 0.837500 ms CreateObjectMapping: 0.819600 ms MarkObjects: 6.736100 ms  DeleteObjects: 3.281000 ms)

Prepare: number of updated asset objects reloaded= 1
========================================================================
Received Prepare
Begin MonoManager ReloadAssembly
Symbol file LoadedFromMemory is not a mono symbol file
- Loaded All Assemblies, in  0.634 seconds
Script 'GridLayout' has the same name as built-in Unity component.
AddComponent and GetComponent will not work with this script.
'Packages/com.coffee.ui-effect/Runtime/Timeline/Base/UIEffectTimelineUtils.cs' contains partial class of Unity.Object, exactly 1 of the partial classes needs to be in a file with the same filename. This is to know the one that can be referenced from ie. GameObjects
'Packages/com.coffee.ui-effect/Runtime/Timeline/Base/UIEffectTimelineUtils.cs' contains partial class of Unity.Object, exactly 1 of the partial classes needs to be in a file with the same filename. This is to know the one that can be referenced from ie. GameObjects
Refreshing native plugins compatible for Editor in 0.81 ms, found 3 plugins.
Native extension for UWP target not found
Native extension for WindowsStandalone target not found
[Package Manager] Failed to launch server process. Reason: Unity was launched with the -noUpm command-line argument
[Package Manager] Unable to send message (not connected to server process).
[Package Manager] Cannot connect to Unity Package Manager local server
[MODES] ModeService[none].Initialize
[MODES] ModeService[none].LoadModes
Mono: successfully reloaded assembly
- Finished resetting the current domain, in  0.634 seconds
Domain Reload Profiling: 1271ms
	BeginReloadAssembly (187ms)
		ExecutionOrderSort (0ms)
		DisableScriptedObjects (4ms)
		BackupInstance (0ms)
		ReleaseScriptingObjects (0ms)
		CreateAndSetChildDomain (42ms)
	RebuildCommonClasses (26ms)
	RebuildNativeTypeToScriptingClass (10ms)
	initialDomainReloadingComplete (19ms)
	LoadAllAssembliesAndSetupDomain (395ms)
		LoadAssemblies (312ms)
		RebuildTransferFunctionScriptingTraits (0ms)
		AnalyzeDomain (170ms)
			TypeCache.Refresh (7ms)
				TypeCache.ScanAssembly (0ms)
			BuildScriptInfoCaches (149ms)
			ResolveRequiredComponents (10ms)
	FinalizeReload (634ms)
		ReleaseScriptCaches (0ms)
		RebuildScriptCaches (0ms)
		SetupLoadedEditorAssemblies (492ms)
			LogAssemblyErrors (0ms)
			InitializePlatformSupportModulesInManaged (1ms)
			SetLoadedEditorAssemblies (6ms)
			BeforeProcessingInitializeOnLoad (140ms)
			ProcessInitializeOnLoadAttributes (261ms)
			ProcessInitializeOnLoadMethodAttributes (82ms)
			AfterProcessingInitializeOnLoad (1ms)
			EditorAssembliesLoaded (0ms)
		ExecutionOrderSort2 (0ms)
		AwakeInstancesAfterBackupRestoration (12ms)
Refreshing native plugins compatible for Editor in 1.35 ms, found 3 plugins.
Preloading 0 native plugins for Editor in 0.00 ms.
Unloading 17 Unused Serialized files (Serialized files now loaded: 0)
Unloading 8600 unused Assets / (4.6 MB). Loaded Objects now: 9555.
Memory consumption went from 177.6 MB to 173.1 MB.
Total: 11.021300 ms (FindLiveObjects: 0.847900 ms CreateObjectMapping: 0.706500 ms MarkObjects: 6.463500 ms  DeleteObjects: 3.000100 ms)

Prepare: number of updated asset objects reloaded= 0
========================================================================
Received Prepare
Begin MonoManager ReloadAssembly
Symbol file LoadedFromMemory is not a mono symbol file
- Loaded All Assemblies, in  0.619 seconds
Script 'GridLayout' has the same name as built-in Unity component.
AddComponent and GetComponent will not work with this script.
'Packages/com.coffee.ui-effect/Runtime/Timeline/Base/UIEffectTimelineUtils.cs' contains partial class of Unity.Object, exactly 1 of the partial classes needs to be in a file with the same filename. This is to know the one that can be referenced from ie. GameObjects
'Packages/com.coffee.ui-effect/Runtime/Timeline/Base/UIEffectTimelineUtils.cs' contains partial class of Unity.Object, exactly 1 of the partial classes needs to be in a file with the same filename. This is to know the one that can be referenced from ie. GameObjects
Refreshing native plugins compatible for Editor in 0.78 ms, found 3 plugins.
Native extension for UWP target not found
Native extension for WindowsStandalone target not found
[Package Manager] Failed to launch server process. Reason: Unity was launched with the -noUpm command-line argument
[Package Manager] Unable to send message (not connected to server process).
[Package Manager] Cannot connect to Unity Package Manager local server
[MODES] ModeService[none].Initialize
[MODES] ModeService[none].LoadModes
Mono: successfully reloaded assembly
- Finished resetting the current domain, in  0.558 seconds
Domain Reload Profiling: 1180ms
	BeginReloadAssembly (176ms)
		ExecutionOrderSort (0ms)
		DisableScriptedObjects (4ms)
		BackupInstance (0ms)
		ReleaseScriptingObjects (0ms)
		CreateAndSetChildDomain (36ms)
	RebuildCommonClasses (26ms)
	RebuildNativeTypeToScriptingClass (10ms)
	initialDomainReloadingComplete (20ms)
	LoadAllAssembliesAndSetupDomain (391ms)
		LoadAssemblies (309ms)
		RebuildTransferFunctionScriptingTraits (0ms)
		AnalyzeDomain (168ms)
			TypeCache.Refresh (6ms)
				TypeCache.ScanAssembly (0ms)
			BuildScriptInfoCaches (145ms)
			ResolveRequiredComponents (11ms)
	FinalizeReload (558ms)
		ReleaseScriptCaches (0ms)
		RebuildScriptCaches (0ms)
		SetupLoadedEditorAssemblies (436ms)
			LogAssemblyErrors (0ms)
			InitializePlatformSupportModulesInManaged (1ms)
			SetLoadedEditorAssemblies (5ms)
			BeforeProcessingInitializeOnLoad (104ms)
			ProcessInitializeOnLoadAttributes (235ms)
			ProcessInitializeOnLoadMethodAttributes (90ms)
			AfterProcessingInitializeOnLoad (1ms)
			EditorAssembliesLoaded (0ms)
		ExecutionOrderSort2 (0ms)
		AwakeInstancesAfterBackupRestoration (13ms)
Refreshing native plugins compatible for Editor in 1.56 ms, found 3 plugins.
Preloading 0 native plugins for Editor in 0.00 ms.
Unloading 17 Unused Serialized files (Serialized files now loaded: 0)
Unloading 8600 unused Assets / (4.8 MB). Loaded Objects now: 9561.
Memory consumption went from 177.6 MB to 172.8 MB.
Total: 10.901900 ms (FindLiveObjects: 0.761700 ms CreateObjectMapping: 0.622700 ms MarkObjects: 6.278900 ms  DeleteObjects: 3.237000 ms)

Prepare: number of updated asset objects reloaded= 1
========================================================================
Received Prepare
Begin MonoManager ReloadAssembly
Symbol file LoadedFromMemory is not a mono symbol file
- Loaded All Assemblies, in  0.613 seconds
Script 'GridLayout' has the same name as built-in Unity component.
AddComponent and GetComponent will not work with this script.
'Packages/com.coffee.ui-effect/Runtime/Timeline/Base/UIEffectTimelineUtils.cs' contains partial class of Unity.Object, exactly 1 of the partial classes needs to be in a file with the same filename. This is to know the one that can be referenced from ie. GameObjects
'Packages/com.coffee.ui-effect/Runtime/Timeline/Base/UIEffectTimelineUtils.cs' contains partial class of Unity.Object, exactly 1 of the partial classes needs to be in a file with the same filename. This is to know the one that can be referenced from ie. GameObjects
Refreshing native plugins compatible for Editor in 0.74 ms, found 3 plugins.
Native extension for UWP target not found
Native extension for WindowsStandalone target not found
[Package Manager] Failed to launch server process. Reason: Unity was launched with the -noUpm command-line argument
[Package Manager] Unable to send message (not connected to server process).
[Package Manager] Cannot connect to Unity Package Manager local server
[MODES] ModeService[none].Initialize
[MODES] ModeService[none].LoadModes
Mono: successfully reloaded assembly
- Finished resetting the current domain, in  0.579 seconds
Domain Reload Profiling: 1196ms
	BeginReloadAssembly (176ms)
		ExecutionOrderSort (0ms)
		DisableScriptedObjects (4ms)
		BackupInstance (0ms)
		ReleaseScriptingObjects (0ms)
		CreateAndSetChildDomain (38ms)
	RebuildCommonClasses (25ms)
	RebuildNativeTypeToScriptingClass (9ms)
	initialDomainReloadingComplete (19ms)
	LoadAllAssembliesAndSetupDomain (388ms)
		LoadAssemblies (315ms)
		RebuildTransferFunctionScriptingTraits (0ms)
		AnalyzeDomain (159ms)
			TypeCache.Refresh (7ms)
				TypeCache.ScanAssembly (0ms)
			BuildScriptInfoCaches (137ms)
			ResolveRequiredComponents (10ms)
	FinalizeReload (580ms)
		ReleaseScriptCaches (0ms)
		RebuildScriptCaches (0ms)
		SetupLoadedEditorAssemblies (450ms)
			LogAssemblyErrors (0ms)
			InitializePlatformSupportModulesInManaged (1ms)
			SetLoadedEditorAssemblies (5ms)
			BeforeProcessingInitializeOnLoad (116ms)
			ProcessInitializeOnLoadAttributes (239ms)
			ProcessInitializeOnLoadMethodAttributes (87ms)
			AfterProcessingInitializeOnLoad (1ms)
			EditorAssembliesLoaded (0ms)
		ExecutionOrderSort2 (0ms)
		AwakeInstancesAfterBackupRestoration (11ms)
Refreshing native plugins compatible for Editor in 1.45 ms, found 3 plugins.
Preloading 0 native plugins for Editor in 0.00 ms.
Unloading 17 Unused Serialized files (Serialized files now loaded: 0)
Unloading 8600 unused Assets / (4.6 MB). Loaded Objects now: 9567.
Memory consumption went from 177.7 MB to 173.0 MB.
Total: 10.788000 ms (FindLiveObjects: 0.883200 ms CreateObjectMapping: 0.586500 ms MarkObjects: 6.258400 ms  DeleteObjects: 3.058400 ms)

Prepare: number of updated asset objects reloaded= 0
========================================================================
Received Prepare
Script 'GridLayout' has the same name as built-in Unity component.
AddComponent and GetComponent will not work with this script.
'Packages/com.coffee.ui-effect/Runtime/Timeline/Base/UIEffectTimelineUtils.cs' contains partial class of Unity.Object, exactly 1 of the partial classes needs to be in a file with the same filename. This is to know the one that can be referenced from ie. GameObjects
'Packages/com.coffee.ui-effect/Runtime/Timeline/Base/UIEffectTimelineUtils.cs' contains partial class of Unity.Object, exactly 1 of the partial classes needs to be in a file with the same filename. This is to know the one that can be referenced from ie. GameObjects
Refreshing native plugins compatible for Editor in 1.77 ms, found 3 plugins.
Preloading 0 native plugins for Editor in 0.00 ms.
Unloading 17 Unused Serialized files (Serialized files now loaded: 0)
Unloading 8590 unused Assets / (4.8 MB). Loaded Objects now: 9567.
Memory consumption went from 177.9 MB to 173.1 MB.
Total: 14.783000 ms (FindLiveObjects: 1.356500 ms CreateObjectMapping: 1.356100 ms MarkObjects: 8.754400 ms  DeleteObjects: 3.313600 ms)

Prepare: number of updated asset objects reloaded= 0
========================================================================
Received Prepare
Begin MonoManager ReloadAssembly
[Licensing::Client] Successfully resolved entitlement details
[Licensing::Module] License group:
  Id: F4-PG26-BGYS-M5XU-E2PJ-XXXX
  Product: Unity Personal
  Type: ULF
  Expiration: Unlimited
[Licensing::Module] License group:
  Id: 7971760023286-UnityPersXXXX
  Product: Unity Personal
  Type: Assigned
  Expiration: Unlimited
Symbol file LoadedFromMemory is not a mono symbol file
- Loaded All Assemblies, in  0.660 seconds
Script 'GridLayout' has the same name as built-in Unity component.
AddComponent and GetComponent will not work with this script.
'Packages/com.coffee.ui-effect/Runtime/Timeline/Base/UIEffectTimelineUtils.cs' contains partial class of Unity.Object, exactly 1 of the partial classes needs to be in a file with the same filename. This is to know the one that can be referenced from ie. GameObjects
'Packages/com.coffee.ui-effect/Runtime/Timeline/Base/UIEffectTimelineUtils.cs' contains partial class of Unity.Object, exactly 1 of the partial classes needs to be in a file with the same filename. This is to know the one that can be referenced from ie. GameObjects
Refreshing native plugins compatible for Editor in 0.88 ms, found 3 plugins.
Native extension for UWP target not found
Native extension for WindowsStandalone target not found
[Package Manager] Failed to launch server process. Reason: Unity was launched with the -noUpm command-line argument
[Package Manager] Unable to send message (not connected to server process).
[Package Manager] Cannot connect to Unity Package Manager local server
[MODES] ModeService[none].Initialize
[MODES] ModeService[none].LoadModes
Mono: successfully reloaded assembly
- Finished resetting the current domain, in  0.617 seconds
Domain Reload Profiling: 1282ms
	BeginReloadAssembly (179ms)
		ExecutionOrderSort (0ms)
		DisableScriptedObjects (5ms)
		BackupInstance (0ms)
		ReleaseScriptingObjects (0ms)
		CreateAndSetChildDomain (35ms)
	RebuildCommonClasses (25ms)
	RebuildNativeTypeToScriptingClass (10ms)
	initialDomainReloadingComplete (19ms)
	LoadAllAssembliesAndSetupDomain (432ms)
		LoadAssemblies (330ms)
		RebuildTransferFunctionScriptingTraits (0ms)
		AnalyzeDomain (187ms)
			TypeCache.Refresh (11ms)
				TypeCache.ScanAssembly (2ms)
			BuildScriptInfoCaches (160ms)
			ResolveRequiredComponents (11ms)
	FinalizeReload (617ms)
		ReleaseScriptCaches (0ms)
		RebuildScriptCaches (0ms)
		SetupLoadedEditorAssemblies (485ms)
			LogAssemblyErrors (0ms)
			InitializePlatformSupportModulesInManaged (1ms)
			SetLoadedEditorAssemblies (5ms)
			BeforeProcessingInitializeOnLoad (132ms)
			ProcessInitializeOnLoadAttributes (255ms)
			ProcessInitializeOnLoadMethodAttributes (91ms)
			AfterProcessingInitializeOnLoad (1ms)
			EditorAssembliesLoaded (0ms)
		ExecutionOrderSort2 (0ms)
		AwakeInstancesAfterBackupRestoration (13ms)
Refreshing native plugins compatible for Editor in 1.56 ms, found 3 plugins.
Preloading 0 native plugins for Editor in 0.00 ms.
Unloading 17 Unused Serialized files (Serialized files now loaded: 0)
Unloading 8600 unused Assets / (4.9 MB). Loaded Objects now: 9573.
Memory consumption went from 177.7 MB to 172.8 MB.
Total: 11.239800 ms (FindLiveObjects: 0.781600 ms CreateObjectMapping: 0.652600 ms MarkObjects: 6.557000 ms  DeleteObjects: 3.246800 ms)

Prepare: number of updated asset objects reloaded= 1
========================================================================
Received Prepare
Begin MonoManager ReloadAssembly
Symbol file LoadedFromMemory is not a mono symbol file
- Loaded All Assemblies, in  0.632 seconds
Script 'GridLayout' has the same name as built-in Unity component.
AddComponent and GetComponent will not work with this script.
'Packages/com.coffee.ui-effect/Runtime/Timeline/Base/UIEffectTimelineUtils.cs' contains partial class of Unity.Object, exactly 1 of the partial classes needs to be in a file with the same filename. This is to know the one that can be referenced from ie. GameObjects
'Packages/com.coffee.ui-effect/Runtime/Timeline/Base/UIEffectTimelineUtils.cs' contains partial class of Unity.Object, exactly 1 of the partial classes needs to be in a file with the same filename. This is to know the one that can be referenced from ie. GameObjects
Refreshing native plugins compatible for Editor in 1.13 ms, found 3 plugins.
Native extension for UWP target not found
Native extension for WindowsStandalone target not found
[Package Manager] Failed to launch server process. Reason: Unity was launched with the -noUpm command-line argument
[Package Manager] Unable to send message (not connected to server process).
[Package Manager] Cannot connect to Unity Package Manager local server
[MODES] ModeService[none].Initialize
[MODES] ModeService[none].LoadModes
Mono: successfully reloaded assembly
- Finished resetting the current domain, in  0.567 seconds
Domain Reload Profiling: 1203ms
	BeginReloadAssembly (180ms)
		ExecutionOrderSort (0ms)
		DisableScriptedObjects (4ms)
		BackupInstance (0ms)
		ReleaseScriptingObjects (0ms)
		CreateAndSetChildDomain (39ms)
	RebuildCommonClasses (27ms)
	RebuildNativeTypeToScriptingClass (11ms)
	initialDomainReloadingComplete (22ms)
	LoadAllAssembliesAndSetupDomain (397ms)
		LoadAssemblies (317ms)
		RebuildTransferFunctionScriptingTraits (0ms)
		AnalyzeDomain (166ms)
			TypeCache.Refresh (7ms)
				TypeCache.ScanAssembly (0ms)
			BuildScriptInfoCaches (145ms)
			ResolveRequiredComponents (10ms)
	FinalizeReload (567ms)
		ReleaseScriptCaches (0ms)
		RebuildScriptCaches (0ms)
		SetupLoadedEditorAssemblies (442ms)
			LogAssemblyErrors (0ms)
			InitializePlatformSupportModulesInManaged (1ms)
			SetLoadedEditorAssemblies (4ms)
			BeforeProcessingInitializeOnLoad (106ms)
			ProcessInitializeOnLoadAttributes (244ms)
			ProcessInitializeOnLoadMethodAttributes (86ms)
			AfterProcessingInitializeOnLoad (1ms)
			EditorAssembliesLoaded (0ms)
		ExecutionOrderSort2 (0ms)
		AwakeInstancesAfterBackupRestoration (11ms)
Refreshing native plugins compatible for Editor in 1.57 ms, found 3 plugins.
Preloading 0 native plugins for Editor in 0.00 ms.
Unloading 17 Unused Serialized files (Serialized files now loaded: 0)
Unloading 8600 unused Assets / (4.9 MB). Loaded Objects now: 9579.
Memory consumption went from 177.8 MB to 172.9 MB.
Total: 11.598400 ms (FindLiveObjects: 0.786700 ms CreateObjectMapping: 0.720100 ms MarkObjects: 6.897700 ms  DeleteObjects: 3.192200 ms)

Prepare: number of updated asset objects reloaded= 0
========================================================================
Received Prepare
Begin MonoManager ReloadAssembly
Symbol file LoadedFromMemory is not a mono symbol file
- Loaded All Assemblies, in  0.622 seconds
Script 'GridLayout' has the same name as built-in Unity component.
AddComponent and GetComponent will not work with this script.
'Packages/com.coffee.ui-effect/Runtime/Timeline/Base/UIEffectTimelineUtils.cs' contains partial class of Unity.Object, exactly 1 of the partial classes needs to be in a file with the same filename. This is to know the one that can be referenced from ie. GameObjects
'Packages/com.coffee.ui-effect/Runtime/Timeline/Base/UIEffectTimelineUtils.cs' contains partial class of Unity.Object, exactly 1 of the partial classes needs to be in a file with the same filename. This is to know the one that can be referenced from ie. GameObjects
Refreshing native plugins compatible for Editor in 0.72 ms, found 3 plugins.
Native extension for UWP target not found
Native extension for WindowsStandalone target not found
[Package Manager] Failed to launch server process. Reason: Unity was launched with the -noUpm command-line argument
[Package Manager] Unable to send message (not connected to server process).
[Package Manager] Cannot connect to Unity Package Manager local server
[MODES] ModeService[none].Initialize
[MODES] ModeService[none].LoadModes
Mono: successfully reloaded assembly
- Finished resetting the current domain, in  1.255 seconds
Domain Reload Profiling: 1884ms
	BeginReloadAssembly (175ms)
		ExecutionOrderSort (0ms)
		DisableScriptedObjects (4ms)
		BackupInstance (0ms)
		ReleaseScriptingObjects (0ms)
		CreateAndSetChildDomain (36ms)
	RebuildCommonClasses (26ms)
	RebuildNativeTypeToScriptingClass (10ms)
	initialDomainReloadingComplete (20ms)
	LoadAllAssembliesAndSetupDomain (395ms)
		LoadAssemblies (318ms)
		RebuildTransferFunctionScriptingTraits (0ms)
		AnalyzeDomain (164ms)
			TypeCache.Refresh (6ms)
				TypeCache.ScanAssembly (0ms)
			BuildScriptInfoCaches (144ms)
			ResolveRequiredComponents (10ms)
	FinalizeReload (1258ms)
		ReleaseScriptCaches (0ms)
		RebuildScriptCaches (0ms)
		SetupLoadedEditorAssemblies (1003ms)
			LogAssemblyErrors (0ms)
			InitializePlatformSupportModulesInManaged (3ms)
			SetLoadedEditorAssemblies (10ms)
			BeforeProcessingInitializeOnLoad (255ms)
			ProcessInitializeOnLoadAttributes (531ms)
			ProcessInitializeOnLoadMethodAttributes (198ms)
			AfterProcessingInitializeOnLoad (6ms)
			EditorAssembliesLoaded (0ms)
		ExecutionOrderSort2 (0ms)
		AwakeInstancesAfterBackupRestoration (24ms)
Refreshing native plugins compatible for Editor in 1.87 ms, found 3 plugins.
Preloading 0 native plugins for Editor in 0.00 ms.
Unloading 17 Unused Serialized files (Serialized files now loaded: 0)
Unloading 8600 unused Assets / (4.9 MB). Loaded Objects now: 9585.
Memory consumption went from 177.8 MB to 172.9 MB.
Total: 13.271900 ms (FindLiveObjects: 1.262300 ms CreateObjectMapping: 0.909600 ms MarkObjects: 7.650100 ms  DeleteObjects: 3.448800 ms)

Prepare: number of updated asset objects reloaded= 1
========================================================================
Received Prepare
Begin MonoManager ReloadAssembly
Symbol file LoadedFromMemory is not a mono symbol file
- Loaded All Assemblies, in  1.396 seconds
Script 'GridLayout' has the same name as built-in Unity component.
AddComponent and GetComponent will not work with this script.
'Packages/com.coffee.ui-effect/Runtime/Timeline/Base/UIEffectTimelineUtils.cs' contains partial class of Unity.Object, exactly 1 of the partial classes needs to be in a file with the same filename. This is to know the one that can be referenced from ie. GameObjects
'Packages/com.coffee.ui-effect/Runtime/Timeline/Base/UIEffectTimelineUtils.cs' contains partial class of Unity.Object, exactly 1 of the partial classes needs to be in a file with the same filename. This is to know the one that can be referenced from ie. GameObjects
Refreshing native plugins compatible for Editor in 1.85 ms, found 3 plugins.
Native extension for UWP target not found
Native extension for WindowsStandalone target not found
[Package Manager] Failed to launch server process. Reason: Unity was launched with the -noUpm command-line argument
[Package Manager] Unable to send message (not connected to server process).
[Package Manager] Cannot connect to Unity Package Manager local server
[MODES] ModeService[none].Initialize
[MODES] ModeService[none].LoadModes
Mono: successfully reloaded assembly
- Finished resetting the current domain, in  1.091 seconds
Domain Reload Profiling: 2492ms
	BeginReloadAssembly (377ms)
		ExecutionOrderSort (0ms)
		DisableScriptedObjects (8ms)
		BackupInstance (0ms)
		ReleaseScriptingObjects (0ms)
		CreateAndSetChildDomain (72ms)
	RebuildCommonClasses (48ms)
	RebuildNativeTypeToScriptingClass (19ms)
	initialDomainReloadingComplete (35ms)
	LoadAllAssembliesAndSetupDomain (922ms)
		LoadAssemblies (828ms)
		RebuildTransferFunctionScriptingTraits (0ms)
		AnalyzeDomain (311ms)
			TypeCache.Refresh (13ms)
				TypeCache.ScanAssembly (0ms)
			BuildScriptInfoCaches (274ms)
			ResolveRequiredComponents (17ms)
	FinalizeReload (1091ms)
		ReleaseScriptCaches (0ms)
		RebuildScriptCaches (0ms)
		SetupLoadedEditorAssemblies (860ms)
			LogAssemblyErrors (0ms)
			InitializePlatformSupportModulesInManaged (2ms)
			SetLoadedEditorAssemblies (8ms)
			BeforeProcessingInitializeOnLoad (252ms)
			ProcessInitializeOnLoadAttributes (442ms)
			ProcessInitializeOnLoadMethodAttributes (152ms)
			AfterProcessingInitializeOnLoad (2ms)
			EditorAssembliesLoaded (0ms)
		ExecutionOrderSort2 (0ms)
		AwakeInstancesAfterBackupRestoration (21ms)
Refreshing native plugins compatible for Editor in 1.75 ms, found 3 plugins.
Preloading 0 native plugins for Editor in 0.00 ms.
Unloading 17 Unused Serialized files (Serialized files now loaded: 0)
Unloading 8600 unused Assets / (4.6 MB). Loaded Objects now: 9591.
Memory consumption went from 177.9 MB to 173.3 MB.
Total: 12.222400 ms (FindLiveObjects: 1.185300 ms CreateObjectMapping: 0.504500 ms MarkObjects: 7.609600 ms  DeleteObjects: 2.921200 ms)

Prepare: number of updated asset objects reloaded= 0
========================================================================
Received Prepare
Script 'GridLayout' has the same name as built-in Unity component.
AddComponent and GetComponent will not work with this script.
'Packages/com.coffee.ui-effect/Runtime/Timeline/Base/UIEffectTimelineUtils.cs' contains partial class of Unity.Object, exactly 1 of the partial classes needs to be in a file with the same filename. This is to know the one that can be referenced from ie. GameObjects
'Packages/com.coffee.ui-effect/Runtime/Timeline/Base/UIEffectTimelineUtils.cs' contains partial class of Unity.Object, exactly 1 of the partial classes needs to be in a file with the same filename. This is to know the one that can be referenced from ie. GameObjects
Refreshing native plugins compatible for Editor in 1.70 ms, found 3 plugins.
Preloading 0 native plugins for Editor in 0.00 ms.
Unloading 17 Unused Serialized files (Serialized files now loaded: 0)
Unloading 8590 unused Assets / (5.0 MB). Loaded Objects now: 9591.
Memory consumption went from 178.1 MB to 173.1 MB.
Total: 12.820300 ms (FindLiveObjects: 0.849500 ms CreateObjectMapping: 0.793500 ms MarkObjects: 7.380800 ms  DeleteObjects: 3.794800 ms)

Prepare: number of updated asset objects reloaded= 0
========================================================================
Received Prepare
Begin MonoManager ReloadAssembly
Symbol file LoadedFromMemory is not a mono symbol file
- Loaded All Assemblies, in  0.642 seconds
Script 'GridLayout' has the same name as built-in Unity component.
AddComponent and GetComponent will not work with this script.
'Packages/com.coffee.ui-effect/Runtime/Timeline/Base/UIEffectTimelineUtils.cs' contains partial class of Unity.Object, exactly 1 of the partial classes needs to be in a file with the same filename. This is to know the one that can be referenced from ie. GameObjects
'Packages/com.coffee.ui-effect/Runtime/Timeline/Base/UIEffectTimelineUtils.cs' contains partial class of Unity.Object, exactly 1 of the partial classes needs to be in a file with the same filename. This is to know the one that can be referenced from ie. GameObjects
Refreshing native plugins compatible for Editor in 0.67 ms, found 3 plugins.
Native extension for UWP target not found
Native extension for WindowsStandalone target not found
[Package Manager] Failed to launch server process. Reason: Unity was launched with the -noUpm command-line argument
[Package Manager] Unable to send message (not connected to server process).
[Package Manager] Cannot connect to Unity Package Manager local server
[MODES] ModeService[none].Initialize
[MODES] ModeService[none].LoadModes
Mono: successfully reloaded assembly
- Finished resetting the current domain, in  0.571 seconds
Domain Reload Profiling: 1218ms
	BeginReloadAssembly (179ms)
		ExecutionOrderSort (0ms)
		DisableScriptedObjects (4ms)
		BackupInstance (0ms)
		ReleaseScriptingObjects (0ms)
		CreateAndSetChildDomain (35ms)
	RebuildCommonClasses (26ms)
	RebuildNativeTypeToScriptingClass (10ms)
	initialDomainReloadingComplete (23ms)
	LoadAllAssembliesAndSetupDomain (409ms)
		LoadAssemblies (331ms)
		RebuildTransferFunctionScriptingTraits (0ms)
		AnalyzeDomain (167ms)
			TypeCache.Refresh (12ms)
				TypeCache.ScanAssembly (2ms)
			BuildScriptInfoCaches (141ms)
			ResolveRequiredComponents (10ms)
	FinalizeReload (571ms)
		ReleaseScriptCaches (0ms)
		RebuildScriptCaches (0ms)
		SetupLoadedEditorAssemblies (441ms)
			LogAssemblyErrors (0ms)
			InitializePlatformSupportModulesInManaged (2ms)
			SetLoadedEditorAssemblies (5ms)
			BeforeProcessingInitializeOnLoad (104ms)
			ProcessInitializeOnLoadAttributes (242ms)
			ProcessInitializeOnLoadMethodAttributes (85ms)
			AfterProcessingInitializeOnLoad (3ms)
			EditorAssembliesLoaded (0ms)
		ExecutionOrderSort2 (0ms)
		AwakeInstancesAfterBackupRestoration (13ms)
Refreshing native plugins compatible for Editor in 1.60 ms, found 3 plugins.
Preloading 0 native plugins for Editor in 0.00 ms.
Unloading 17 Unused Serialized files (Serialized files now loaded: 0)
Unloading 8600 unused Assets / (4.8 MB). Loaded Objects now: 9597.
Memory consumption went from 177.9 MB to 173.1 MB.
Total: 11.259500 ms (FindLiveObjects: 0.811000 ms CreateObjectMapping: 0.715400 ms MarkObjects: 6.554700 ms  DeleteObjects: 3.177200 ms)

Prepare: number of updated asset objects reloaded= 1
========================================================================
Received Prepare
Begin MonoManager ReloadAssembly
Symbol file LoadedFromMemory is not a mono symbol file
- Loaded All Assemblies, in  0.613 seconds
Script 'GridLayout' has the same name as built-in Unity component.
AddComponent and GetComponent will not work with this script.
'Packages/com.coffee.ui-effect/Runtime/Timeline/Base/UIEffectTimelineUtils.cs' contains partial class of Unity.Object, exactly 1 of the partial classes needs to be in a file with the same filename. This is to know the one that can be referenced from ie. GameObjects
'Packages/com.coffee.ui-effect/Runtime/Timeline/Base/UIEffectTimelineUtils.cs' contains partial class of Unity.Object, exactly 1 of the partial classes needs to be in a file with the same filename. This is to know the one that can be referenced from ie. GameObjects
Refreshing native plugins compatible for Editor in 0.78 ms, found 3 plugins.
Native extension for UWP target not found
Native extension for WindowsStandalone target not found
[Package Manager] Failed to launch server process. Reason: Unity was launched with the -noUpm command-line argument
[Package Manager] Unable to send message (not connected to server process).
[Package Manager] Cannot connect to Unity Package Manager local server
[MODES] ModeService[none].Initialize
[MODES] ModeService[none].LoadModes
Mono: successfully reloaded assembly
- Finished resetting the current domain, in  0.562 seconds
Domain Reload Profiling: 1179ms
	BeginReloadAssembly (177ms)
		ExecutionOrderSort (0ms)
		DisableScriptedObjects (4ms)
		BackupInstance (0ms)
		ReleaseScriptingObjects (0ms)
		CreateAndSetChildDomain (36ms)
	RebuildCommonClasses (25ms)
	RebuildNativeTypeToScriptingClass (9ms)
	initialDomainReloadingComplete (20ms)
	LoadAllAssembliesAndSetupDomain (385ms)
		LoadAssemblies (313ms)
		RebuildTransferFunctionScriptingTraits (0ms)
		AnalyzeDomain (161ms)
			TypeCache.Refresh (7ms)
				TypeCache.ScanAssembly (0ms)
			BuildScriptInfoCaches (140ms)
			ResolveRequiredComponents (10ms)
	FinalizeReload (562ms)
		ReleaseScriptCaches (0ms)
		RebuildScriptCaches (0ms)
		SetupLoadedEditorAssemblies (439ms)
			LogAssemblyErrors (0ms)
			InitializePlatformSupportModulesInManaged (1ms)
			SetLoadedEditorAssemblies (4ms)
			BeforeProcessingInitializeOnLoad (107ms)
			ProcessInitializeOnLoadAttributes (238ms)
			ProcessInitializeOnLoadMethodAttributes (88ms)
			AfterProcessingInitializeOnLoad (1ms)
			EditorAssembliesLoaded (0ms)
		ExecutionOrderSort2 (0ms)
		AwakeInstancesAfterBackupRestoration (12ms)
Refreshing native plugins compatible for Editor in 1.27 ms, found 3 plugins.
Preloading 0 native plugins for Editor in 0.00 ms.
Unloading 17 Unused Serialized files (Serialized files now loaded: 0)
Unloading 8600 unused Assets / (5.3 MB). Loaded Objects now: 9603.
Memory consumption went from 178.0 MB to 172.7 MB.
Total: 11.936400 ms (FindLiveObjects: 1.098200 ms CreateObjectMapping: 0.717100 ms MarkObjects: 6.535500 ms  DeleteObjects: 3.584500 ms)

Prepare: number of updated asset objects reloaded= 0
========================================================================
Received Prepare
Begin MonoManager ReloadAssembly
Symbol file LoadedFromMemory is not a mono symbol file
- Loaded All Assemblies, in  0.619 seconds
Script 'GridLayout' has the same name as built-in Unity component.
AddComponent and GetComponent will not work with this script.
'Packages/com.coffee.ui-effect/Runtime/Timeline/Base/UIEffectTimelineUtils.cs' contains partial class of Unity.Object, exactly 1 of the partial classes needs to be in a file with the same filename. This is to know the one that can be referenced from ie. GameObjects
'Packages/com.coffee.ui-effect/Runtime/Timeline/Base/UIEffectTimelineUtils.cs' contains partial class of Unity.Object, exactly 1 of the partial classes needs to be in a file with the same filename. This is to know the one that can be referenced from ie. GameObjects
Refreshing native plugins compatible for Editor in 0.73 ms, found 3 plugins.
Native extension for UWP target not found
Native extension for WindowsStandalone target not found
[Package Manager] Failed to launch server process. Reason: Unity was launched with the -noUpm command-line argument
[Package Manager] Unable to send message (not connected to server process).
[Package Manager] Cannot connect to Unity Package Manager local server
[MODES] ModeService[none].Initialize
[MODES] ModeService[none].LoadModes
Mono: successfully reloaded assembly
- Finished resetting the current domain, in  0.567 seconds
Domain Reload Profiling: 1190ms
	BeginReloadAssembly (176ms)
		ExecutionOrderSort (0ms)
		DisableScriptedObjects (4ms)
		BackupInstance (0ms)
		ReleaseScriptingObjects (0ms)
		CreateAndSetChildDomain (37ms)
	RebuildCommonClasses (27ms)
	RebuildNativeTypeToScriptingClass (10ms)
	initialDomainReloadingComplete (20ms)
	LoadAllAssembliesAndSetupDomain (391ms)
		LoadAssemblies (312ms)
		RebuildTransferFunctionScriptingTraits (0ms)
		AnalyzeDomain (165ms)
			TypeCache.Refresh (7ms)
				TypeCache.ScanAssembly (0ms)
			BuildScriptInfoCaches (143ms)
			ResolveRequiredComponents (12ms)
	FinalizeReload (567ms)
		ReleaseScriptCaches (0ms)
		RebuildScriptCaches (0ms)
		SetupLoadedEditorAssemblies (446ms)
			LogAssemblyErrors (0ms)
			InitializePlatformSupportModulesInManaged (1ms)
			SetLoadedEditorAssemblies (5ms)
			BeforeProcessingInitializeOnLoad (109ms)
			ProcessInitializeOnLoadAttributes (243ms)
			ProcessInitializeOnLoadMethodAttributes (86ms)
			AfterProcessingInitializeOnLoad (1ms)
			EditorAssembliesLoaded (0ms)
		ExecutionOrderSort2 (0ms)
		AwakeInstancesAfterBackupRestoration (12ms)
Refreshing native plugins compatible for Editor in 2.47 ms, found 3 plugins.
Preloading 0 native plugins for Editor in 0.00 ms.
Unloading 17 Unused Serialized files (Serialized files now loaded: 0)
Unloading 8600 unused Assets / (4.5 MB). Loaded Objects now: 9609.
Memory consumption went from 178.0 MB to 173.5 MB.
Total: 11.896200 ms (FindLiveObjects: 0.898100 ms CreateObjectMapping: 0.718900 ms MarkObjects: 7.063600 ms  DeleteObjects: 3.214100 ms)

Prepare: number of updated asset objects reloaded= 1
========================================================================
Received Prepare
Begin MonoManager ReloadAssembly
Symbol file LoadedFromMemory is not a mono symbol file
- Loaded All Assemblies, in  0.615 seconds
Script 'GridLayout' has the same name as built-in Unity component.
AddComponent and GetComponent will not work with this script.
'Packages/com.coffee.ui-effect/Runtime/Timeline/Base/UIEffectTimelineUtils.cs' contains partial class of Unity.Object, exactly 1 of the partial classes needs to be in a file with the same filename. This is to know the one that can be referenced from ie. GameObjects
'Packages/com.coffee.ui-effect/Runtime/Timeline/Base/UIEffectTimelineUtils.cs' contains partial class of Unity.Object, exactly 1 of the partial classes needs to be in a file with the same filename. This is to know the one that can be referenced from ie. GameObjects
Refreshing native plugins compatible for Editor in 0.98 ms, found 3 plugins.
Native extension for UWP target not found
Native extension for WindowsStandalone target not found
[Package Manager] Failed to launch server process. Reason: Unity was launched with the -noUpm command-line argument
[Package Manager] Unable to send message (not connected to server process).
[Package Manager] Cannot connect to Unity Package Manager local server
[MODES] ModeService[none].Initialize
[MODES] ModeService[none].LoadModes
Mono: successfully reloaded assembly
- Finished resetting the current domain, in  0.576 seconds
Domain Reload Profiling: 1195ms
	BeginReloadAssembly (174ms)
		ExecutionOrderSort (0ms)
		DisableScriptedObjects (4ms)
		BackupInstance (0ms)
		ReleaseScriptingObjects (0ms)
		CreateAndSetChildDomain (37ms)
	RebuildCommonClasses (26ms)
	RebuildNativeTypeToScriptingClass (10ms)
	initialDomainReloadingComplete (22ms)
	LoadAllAssembliesAndSetupDomain (387ms)
		LoadAssemblies (305ms)
		RebuildTransferFunctionScriptingTraits (0ms)
		AnalyzeDomain (165ms)
			TypeCache.Refresh (8ms)
				TypeCache.ScanAssembly (0ms)
			BuildScriptInfoCaches (144ms)
			ResolveRequiredComponents (10ms)
	FinalizeReload (576ms)
		ReleaseScriptCaches (0ms)
		RebuildScriptCaches (0ms)
		SetupLoadedEditorAssemblies (446ms)
			LogAssemblyErrors (0ms)
			InitializePlatformSupportModulesInManaged (1ms)
			SetLoadedEditorAssemblies (5ms)
			BeforeProcessingInitializeOnLoad (108ms)
			ProcessInitializeOnLoadAttributes (244ms)
			ProcessInitializeOnLoadMethodAttributes (87ms)
			AfterProcessingInitializeOnLoad (1ms)
			EditorAssembliesLoaded (0ms)
		ExecutionOrderSort2 (0ms)
		AwakeInstancesAfterBackupRestoration (13ms)
Refreshing native plugins compatible for Editor in 1.52 ms, found 3 plugins.
Preloading 0 native plugins for Editor in 0.00 ms.
Unloading 17 Unused Serialized files (Serialized files now loaded: 0)
Unloading 8600 unused Assets / (4.8 MB). Loaded Objects now: 9615.
Memory consumption went from 178.1 MB to 173.3 MB.
Total: 11.363000 ms (FindLiveObjects: 0.897200 ms CreateObjectMapping: 0.800500 ms MarkObjects: 6.374400 ms  DeleteObjects: 3.289300 ms)

Prepare: number of updated asset objects reloaded= 0
========================================================================
Received Prepare
Script 'GridLayout' has the same name as built-in Unity component.
AddComponent and GetComponent will not work with this script.
'Packages/com.coffee.ui-effect/Runtime/Timeline/Base/UIEffectTimelineUtils.cs' contains partial class of Unity.Object, exactly 1 of the partial classes needs to be in a file with the same filename. This is to know the one that can be referenced from ie. GameObjects
'Packages/com.coffee.ui-effect/Runtime/Timeline/Base/UIEffectTimelineUtils.cs' contains partial class of Unity.Object, exactly 1 of the partial classes needs to be in a file with the same filename. This is to know the one that can be referenced from ie. GameObjects
Refreshing native plugins compatible for Editor in 1.56 ms, found 3 plugins.
Preloading 0 native plugins for Editor in 0.00 ms.
Unloading 17 Unused Serialized files (Serialized files now loaded: 0)
Unloading 8590 unused Assets / (4.9 MB). Loaded Objects now: 9615.
Memory consumption went from 178.3 MB to 173.4 MB.
Total: 12.726300 ms (FindLiveObjects: 0.796100 ms CreateObjectMapping: 0.810200 ms MarkObjects: 7.622500 ms  DeleteObjects: 3.495700 ms)

Prepare: number of updated asset objects reloaded= 0
========================================================================
Received Prepare
Begin MonoManager ReloadAssembly
[Licensing::Client] Successfully resolved entitlement details
[Licensing::Module] License group:
  Id: F4-PG26-BGYS-M5XU-E2PJ-XXXX
  Product: Unity Personal
  Type: ULF
  Expiration: Unlimited
[Licensing::Module] License group:
  Id: 7971760023286-UnityPersXXXX
  Product: Unity Personal
  Type: Assigned
  Expiration: Unlimited
Symbol file LoadedFromMemory is not a mono symbol file
- Loaded All Assemblies, in  0.665 seconds
Script 'GridLayout' has the same name as built-in Unity component.
AddComponent and GetComponent will not work with this script.
'Packages/com.coffee.ui-effect/Runtime/Timeline/Base/UIEffectTimelineUtils.cs' contains partial class of Unity.Object, exactly 1 of the partial classes needs to be in a file with the same filename. This is to know the one that can be referenced from ie. GameObjects
'Packages/com.coffee.ui-effect/Runtime/Timeline/Base/UIEffectTimelineUtils.cs' contains partial class of Unity.Object, exactly 1 of the partial classes needs to be in a file with the same filename. This is to know the one that can be referenced from ie. GameObjects
Refreshing native plugins compatible for Editor in 0.94 ms, found 3 plugins.
Native extension for UWP target not found
Native extension for WindowsStandalone target not found
[Package Manager] Failed to launch server process. Reason: Unity was launched with the -noUpm command-line argument
[Package Manager] Unable to send message (not connected to server process).
[Package Manager] Cannot connect to Unity Package Manager local server
[MODES] ModeService[none].Initialize
[MODES] ModeService[none].LoadModes
Mono: successfully reloaded assembly
- Finished resetting the current domain, in  0.608 seconds
Domain Reload Profiling: 1277ms
	BeginReloadAssembly (191ms)
		ExecutionOrderSort (0ms)
		DisableScriptedObjects (4ms)
		BackupInstance (0ms)
		ReleaseScriptingObjects (0ms)
		CreateAndSetChildDomain (38ms)
	RebuildCommonClasses (27ms)
	RebuildNativeTypeToScriptingClass (10ms)
	initialDomainReloadingComplete (22ms)
	LoadAllAssembliesAndSetupDomain (418ms)
		LoadAssemblies (347ms)
		RebuildTransferFunctionScriptingTraits (0ms)
		AnalyzeDomain (170ms)
			TypeCache.Refresh (11ms)
				TypeCache.ScanAssembly (2ms)
			BuildScriptInfoCaches (145ms)
			ResolveRequiredComponents (10ms)
	FinalizeReload (609ms)
		ReleaseScriptCaches (0ms)
		RebuildScriptCaches (0ms)
		SetupLoadedEditorAssemblies (476ms)
			LogAssemblyErrors (0ms)
			InitializePlatformSupportModulesInManaged (1ms)
			SetLoadedEditorAssemblies (5ms)
			BeforeProcessingInitializeOnLoad (111ms)
			ProcessInitializeOnLoadAttributes (272ms)
			ProcessInitializeOnLoadMethodAttributes (85ms)
			AfterProcessingInitializeOnLoad (2ms)
			EditorAssembliesLoaded (0ms)
		ExecutionOrderSort2 (0ms)
		AwakeInstancesAfterBackupRestoration (18ms)
Refreshing native plugins compatible for Editor in 1.73 ms, found 3 plugins.
Preloading 0 native plugins for Editor in 0.00 ms.
Unloading 17 Unused Serialized files (Serialized files now loaded: 0)
Unloading 8600 unused Assets / (4.8 MB). Loaded Objects now: 9621.
Memory consumption went from 178.1 MB to 173.3 MB.
Total: 11.602500 ms (FindLiveObjects: 0.886000 ms CreateObjectMapping: 0.758300 ms MarkObjects: 6.756800 ms  DeleteObjects: 3.199500 ms)

Prepare: number of updated asset objects reloaded= 1
========================================================================
Received Prepare
Begin MonoManager ReloadAssembly
Symbol file LoadedFromMemory is not a mono symbol file
- Loaded All Assemblies, in  0.645 seconds
Script 'GridLayout' has the same name as built-in Unity component.
AddComponent and GetComponent will not work with this script.
'Packages/com.coffee.ui-effect/Runtime/Timeline/Base/UIEffectTimelineUtils.cs' contains partial class of Unity.Object, exactly 1 of the partial classes needs to be in a file with the same filename. This is to know the one that can be referenced from ie. GameObjects
'Packages/com.coffee.ui-effect/Runtime/Timeline/Base/UIEffectTimelineUtils.cs' contains partial class of Unity.Object, exactly 1 of the partial classes needs to be in a file with the same filename. This is to know the one that can be referenced from ie. GameObjects
Refreshing native plugins compatible for Editor in 0.71 ms, found 3 plugins.
Native extension for UWP target not found
Native extension for WindowsStandalone target not found
[Package Manager] Failed to launch server process. Reason: Unity was launched with the -noUpm command-line argument
[Package Manager] Unable to send message (not connected to server process).
[Package Manager] Cannot connect to Unity Package Manager local server
[MODES] ModeService[none].Initialize
[MODES] ModeService[none].LoadModes
Mono: successfully reloaded assembly
- Finished resetting the current domain, in  0.556 seconds
Domain Reload Profiling: 1205ms
	BeginReloadAssembly (182ms)
		ExecutionOrderSort (0ms)
		DisableScriptedObjects (4ms)
		BackupInstance (0ms)
		ReleaseScriptingObjects (0ms)
		CreateAndSetChildDomain (35ms)
	RebuildCommonClasses (27ms)
	RebuildNativeTypeToScriptingClass (11ms)
	initialDomainReloadingComplete (25ms)
	LoadAllAssembliesAndSetupDomain (404ms)
		LoadAssemblies (327ms)
		RebuildTransferFunctionScriptingTraits (0ms)
		AnalyzeDomain (168ms)
			TypeCache.Refresh (8ms)
				TypeCache.ScanAssembly (0ms)
			BuildScriptInfoCaches (146ms)
			ResolveRequiredComponents (10ms)
	FinalizeReload (556ms)
		ReleaseScriptCaches (0ms)
		RebuildScriptCaches (0ms)
		SetupLoadedEditorAssemblies (431ms)
			LogAssemblyErrors (0ms)
			InitializePlatformSupportModulesInManaged (1ms)
			SetLoadedEditorAssemblies (4ms)
			BeforeProcessingInitializeOnLoad (104ms)
			ProcessInitializeOnLoadAttributes (235ms)
			ProcessInitializeOnLoadMethodAttributes (85ms)
			AfterProcessingInitializeOnLoad (1ms)
			EditorAssembliesLoaded (0ms)
		ExecutionOrderSort2 (0ms)
		AwakeInstancesAfterBackupRestoration (11ms)
Refreshing native plugins compatible for Editor in 1.85 ms, found 3 plugins.
Preloading 0 native plugins for Editor in 0.00 ms.
Unloading 17 Unused Serialized files (Serialized files now loaded: 0)
Unloading 8600 unused Assets / (4.8 MB). Loaded Objects now: 9627.
Memory consumption went from 178.2 MB to 173.4 MB.
Total: 11.380500 ms (FindLiveObjects: 0.818400 ms CreateObjectMapping: 0.672300 ms MarkObjects: 6.638900 ms  DeleteObjects: 3.249500 ms)

Prepare: number of updated asset objects reloaded= 0
========================================================================
Received Prepare
Script 'GridLayout' has the same name as built-in Unity component.
AddComponent and GetComponent will not work with this script.
'Packages/com.coffee.ui-effect/Runtime/Timeline/Base/UIEffectTimelineUtils.cs' contains partial class of Unity.Object, exactly 1 of the partial classes needs to be in a file with the same filename. This is to know the one that can be referenced from ie. GameObjects
'Packages/com.coffee.ui-effect/Runtime/Timeline/Base/UIEffectTimelineUtils.cs' contains partial class of Unity.Object, exactly 1 of the partial classes needs to be in a file with the same filename. This is to know the one that can be referenced from ie. GameObjects
Refreshing native plugins compatible for Editor in 1.52 ms, found 3 plugins.
Preloading 0 native plugins for Editor in 0.00 ms.
Unloading 17 Unused Serialized files (Serialized files now loaded: 0)
Unloading 8591 unused Assets / (5.0 MB). Loaded Objects now: 9628.
Memory consumption went from 178.3 MB to 173.4 MB.
Total: 11.498600 ms (FindLiveObjects: 0.913700 ms CreateObjectMapping: 0.745000 ms MarkObjects: 6.442600 ms  DeleteObjects: 3.395500 ms)

Prepare: number of updated asset objects reloaded= 0
========================================================================
Received Prepare
Script 'GridLayout' has the same name as built-in Unity component.
AddComponent and GetComponent will not work with this script.
'Packages/com.coffee.ui-effect/Runtime/Timeline/Base/UIEffectTimelineUtils.cs' contains partial class of Unity.Object, exactly 1 of the partial classes needs to be in a file with the same filename. This is to know the one that can be referenced from ie. GameObjects
'Packages/com.coffee.ui-effect/Runtime/Timeline/Base/UIEffectTimelineUtils.cs' contains partial class of Unity.Object, exactly 1 of the partial classes needs to be in a file with the same filename. This is to know the one that can be referenced from ie. GameObjects
Refreshing native plugins compatible for Editor in 1.48 ms, found 3 plugins.
Preloading 0 native plugins for Editor in 0.00 ms.
Unloading 17 Unused Serialized files (Serialized files now loaded: 0)
Unloading 8591 unused Assets / (4.8 MB). Loaded Objects now: 9628.
Memory consumption went from 178.3 MB to 173.5 MB.
Total: 12.565100 ms (FindLiveObjects: 0.816500 ms CreateObjectMapping: 1.558000 ms MarkObjects: 6.822100 ms  DeleteObjects: 3.366700 ms)

Prepare: number of updated asset objects reloaded= 0
========================================================================
Received Prepare
Script 'GridLayout' has the same name as built-in Unity component.
AddComponent and GetComponent will not work with this script.
'Packages/com.coffee.ui-effect/Runtime/Timeline/Base/UIEffectTimelineUtils.cs' contains partial class of Unity.Object, exactly 1 of the partial classes needs to be in a file with the same filename. This is to know the one that can be referenced from ie. GameObjects
'Packages/com.coffee.ui-effect/Runtime/Timeline/Base/UIEffectTimelineUtils.cs' contains partial class of Unity.Object, exactly 1 of the partial classes needs to be in a file with the same filename. This is to know the one that can be referenced from ie. GameObjects
Refreshing native plugins compatible for Editor in 2.35 ms, found 3 plugins.
Preloading 0 native plugins for Editor in 0.00 ms.
Unloading 17 Unused Serialized files (Serialized files now loaded: 0)
Unloading 8591 unused Assets / (4.7 MB). Loaded Objects now: 9628.
Memory consumption went from 178.3 MB to 173.6 MB.
Total: 14.359500 ms (FindLiveObjects: 0.913700 ms CreateObjectMapping: 1.485400 ms MarkObjects: 8.539000 ms  DeleteObjects: 3.419900 ms)

Prepare: number of updated asset objects reloaded= 0
========================================================================
Received Prepare
Script 'GridLayout' has the same name as built-in Unity component.
AddComponent and GetComponent will not work with this script.
'Packages/com.coffee.ui-effect/Runtime/Timeline/Base/UIEffectTimelineUtils.cs' contains partial class of Unity.Object, exactly 1 of the partial classes needs to be in a file with the same filename. This is to know the one that can be referenced from ie. GameObjects
'Packages/com.coffee.ui-effect/Runtime/Timeline/Base/UIEffectTimelineUtils.cs' contains partial class of Unity.Object, exactly 1 of the partial classes needs to be in a file with the same filename. This is to know the one that can be referenced from ie. GameObjects
Refreshing native plugins compatible for Editor in 1.56 ms, found 3 plugins.
Preloading 0 native plugins for Editor in 0.00 ms.
Unloading 17 Unused Serialized files (Serialized files now loaded: 0)
Unloading 8591 unused Assets / (5.1 MB). Loaded Objects now: 9628.
Memory consumption went from 178.3 MB to 173.3 MB.
Total: 12.236700 ms (FindLiveObjects: 0.756800 ms CreateObjectMapping: 0.708400 ms MarkObjects: 6.925000 ms  DeleteObjects: 3.844400 ms)

Prepare: number of updated asset objects reloaded= 0
========================================================================
Received Prepare
Script 'GridLayout' has the same name as built-in Unity component.
AddComponent and GetComponent will not work with this script.
'Packages/com.coffee.ui-effect/Runtime/Timeline/Base/UIEffectTimelineUtils.cs' contains partial class of Unity.Object, exactly 1 of the partial classes needs to be in a file with the same filename. This is to know the one that can be referenced from ie. GameObjects
'Packages/com.coffee.ui-effect/Runtime/Timeline/Base/UIEffectTimelineUtils.cs' contains partial class of Unity.Object, exactly 1 of the partial classes needs to be in a file with the same filename. This is to know the one that can be referenced from ie. GameObjects
Refreshing native plugins compatible for Editor in 2.32 ms, found 3 plugins.
Preloading 0 native plugins for Editor in 0.00 ms.
Unloading 17 Unused Serialized files (Serialized files now loaded: 0)
Unloading 8591 unused Assets / (3.2 MB). Loaded Objects now: 9628.
Memory consumption went from 178.3 MB to 175.1 MB.
Total: 15.683400 ms (FindLiveObjects: 0.829700 ms CreateObjectMapping: 0.740600 ms MarkObjects: 11.128500 ms  DeleteObjects: 2.983100 ms)

Prepare: number of updated asset objects reloaded= 0
========================================================================
Received Prepare
Script 'GridLayout' has the same name as built-in Unity component.
AddComponent and GetComponent will not work with this script.
'Packages/com.coffee.ui-effect/Runtime/Timeline/Base/UIEffectTimelineUtils.cs' contains partial class of Unity.Object, exactly 1 of the partial classes needs to be in a file with the same filename. This is to know the one that can be referenced from ie. GameObjects
'Packages/com.coffee.ui-effect/Runtime/Timeline/Base/UIEffectTimelineUtils.cs' contains partial class of Unity.Object, exactly 1 of the partial classes needs to be in a file with the same filename. This is to know the one that can be referenced from ie. GameObjects
Refreshing native plugins compatible for Editor in 2.45 ms, found 3 plugins.
Preloading 0 native plugins for Editor in 0.00 ms.
Unloading 17 Unused Serialized files (Serialized files now loaded: 0)
Unloading 8591 unused Assets / (5.0 MB). Loaded Objects now: 9628.
Memory consumption went from 178.3 MB to 173.3 MB.
Total: 12.033600 ms (FindLiveObjects: 0.809900 ms CreateObjectMapping: 0.836100 ms MarkObjects: 6.778000 ms  DeleteObjects: 3.607800 ms)

Prepare: number of updated asset objects reloaded= 0
========================================================================
Received Import Request.
  Time since last request: 1135.432879 seconds.
  path: Assets/Features/Player/Configs/CharacterSettingsConfiguration.asset
  artifactKey: Guid(8131cc83f4eedc24b83896f3fecfe4f7) Importer(815301076,1909f56bfc062723c751e8b465ee728b)
Start importing Assets/Features/Player/Configs/CharacterSettingsConfiguration.asset using Guid(8131cc83f4eedc24b83896f3fecfe4f7) Importer(815301076,1909f56bfc062723c751e8b465ee728b) (PreviewImporter) -> (artifact id: '40142152a84c270e81b0782ba1bd6243') in 0.2354841 seconds
Number of updated asset objects reloaded before import = 0Number of asset objects unloaded after import = 1

========================================================================
Received Import Request.
  Time since last request: 18.703937 seconds.
  path: Assets/Features/Global/SceneService/SceneNames.cs
  artifactKey: Guid(6c4e4cac112b41159f8f034383350a59) Importer(2089858483,b0f066a214c2f5e87bad3c948f4d605d)
Start importing Assets/Features/Global/SceneService/SceneNames.cs using Guid(6c4e4cac112b41159f8f034383350a59) Importer(2089858483,b0f066a214c2f5e87bad3c948f4d605d) (ScriptedImporter) -> (artifact id: '00054d84966d0ed9cc4e467bc91f7372') in 0.0594316 seconds
Number of updated asset objects reloaded before import = 0Number of asset objects unloaded after import = 0

========================================================================
Received Import Request.
  Time since last request: 0.000023 seconds.
  path: Assets/Features/Player/Scripts/CharacterCameraMoveSystem.cs
  artifactKey: Guid(5417471a5dc441fab61920c2ee70e802) Importer(2089858483,b0f066a214c2f5e87bad3c948f4d605d)
Start importing Assets/Features/Player/Scripts/CharacterCameraMoveSystem.cs using Guid(5417471a5dc441fab61920c2ee70e802) Importer(2089858483,b0f066a214c2f5e87bad3c948f4d605d) (ScriptedImporter) -> (artifact id: 'be2f5c646ea3e025cd7d68c629eebe42') in 0.0023473 seconds
Number of updated asset objects reloaded before import = 0Number of asset objects unloaded after import = 0

========================================================================
Received Import Request.
  Time since last request: 0.000014 seconds.
  path: Assets/Features/Player/Scripts/Configs/CharacterSettingsConfiguration.cs
  artifactKey: Guid(1346f476fc924cdab468481737149f7b) Importer(2089858483,b0f066a214c2f5e87bad3c948f4d605d)
Start importing Assets/Features/Player/Scripts/Configs/CharacterSettingsConfiguration.cs using Guid(1346f476fc924cdab468481737149f7b) Importer(2089858483,b0f066a214c2f5e87bad3c948f4d605d) (ScriptedImporter) -> (artifact id: 'a69404e8c4d157caa2b9d497aecde8bb') in 0.0023105 seconds
Number of updated asset objects reloaded before import = 0Number of asset objects unloaded after import = 0

========================================================================
Received Prepare
Script 'GridLayout' has the same name as built-in Unity component.
AddComponent and GetComponent will not work with this script.
'Packages/com.coffee.ui-effect/Runtime/Timeline/Base/UIEffectTimelineUtils.cs' contains partial class of Unity.Object, exactly 1 of the partial classes needs to be in a file with the same filename. This is to know the one that can be referenced from ie. GameObjects
'Packages/com.coffee.ui-effect/Runtime/Timeline/Base/UIEffectTimelineUtils.cs' contains partial class of Unity.Object, exactly 1 of the partial classes needs to be in a file with the same filename. This is to know the one that can be referenced from ie. GameObjects
Refreshing native plugins compatible for Editor in 1.33 ms, found 3 plugins.
Preloading 0 native plugins for Editor in 0.00 ms.
Unloading 17 Unused Serialized files (Serialized files now loaded: 0)
Unloading 8591 unused Assets / (4.7 MB). Loaded Objects now: 9628.
Memory consumption went from 178.4 MB to 173.7 MB.
Total: 12.883100 ms (FindLiveObjects: 0.987700 ms CreateObjectMapping: 0.982100 ms MarkObjects: 7.717700 ms  DeleteObjects: 3.194100 ms)

Prepare: number of updated asset objects reloaded= 0
========================================================================
Received Prepare
Begin MonoManager ReloadAssembly
[Licensing::Client] Successfully resolved entitlement details
[Licensing::Module] License group:
  Id: F4-PG26-BGYS-M5XU-E2PJ-XXXX
  Product: Unity Personal
  Type: ULF
  Expiration: Unlimited
[Licensing::Module] License group:
  Id: 7971760023286-UnityPersXXXX
  Product: Unity Personal
  Type: Assigned
  Expiration: Unlimited
Symbol file LoadedFromMemory is not a mono symbol file
- Loaded All Assemblies, in  0.786 seconds
Script 'GridLayout' has the same name as built-in Unity component.
AddComponent and GetComponent will not work with this script.
'Packages/com.coffee.ui-effect/Runtime/Timeline/Base/UIEffectTimelineUtils.cs' contains partial class of Unity.Object, exactly 1 of the partial classes needs to be in a file with the same filename. This is to know the one that can be referenced from ie. GameObjects
'Packages/com.coffee.ui-effect/Runtime/Timeline/Base/UIEffectTimelineUtils.cs' contains partial class of Unity.Object, exactly 1 of the partial classes needs to be in a file with the same filename. This is to know the one that can be referenced from ie. GameObjects
Refreshing native plugins compatible for Editor in 0.79 ms, found 3 plugins.
Native extension for UWP target not found
Native extension for WindowsStandalone target not found
[Package Manager] Failed to launch server process. Reason: Unity was launched with the -noUpm command-line argument
[Package Manager] Unable to send message (not connected to server process).
[Package Manager] Cannot connect to Unity Package Manager local server
[MODES] ModeService[none].Initialize
[MODES] ModeService[none].LoadModes
Mono: successfully reloaded assembly
- Finished resetting the current domain, in  0.806 seconds
Domain Reload Profiling: 1597ms
	BeginReloadAssembly (225ms)
		ExecutionOrderSort (0ms)
		DisableScriptedObjects (5ms)
		BackupInstance (0ms)
		ReleaseScriptingObjects (0ms)
		CreateAndSetChildDomain (50ms)
	RebuildCommonClasses (32ms)
	RebuildNativeTypeToScriptingClass (11ms)
	initialDomainReloadingComplete (26ms)
	LoadAllAssembliesAndSetupDomain (496ms)
		LoadAssemblies (417ms)
		RebuildTransferFunctionScriptingTraits (0ms)
		AnalyzeDomain (198ms)
			TypeCache.Refresh (13ms)
				TypeCache.ScanAssembly (3ms)
			BuildScriptInfoCaches (168ms)
			ResolveRequiredComponents (12ms)
	FinalizeReload (806ms)
		ReleaseScriptCaches (0ms)
		RebuildScriptCaches (0ms)
		SetupLoadedEditorAssemblies (664ms)
			LogAssemblyErrors (0ms)
			InitializePlatformSupportModulesInManaged (1ms)
			SetLoadedEditorAssemblies (6ms)
			BeforeProcessingInitializeOnLoad (180ms)
			ProcessInitializeOnLoadAttributes (382ms)
			ProcessInitializeOnLoadMethodAttributes (93ms)
			AfterProcessingInitializeOnLoad (1ms)
			EditorAssembliesLoaded (0ms)
		ExecutionOrderSort2 (0ms)
		AwakeInstancesAfterBackupRestoration (13ms)
Refreshing native plugins compatible for Editor in 1.37 ms, found 3 plugins.
Preloading 0 native plugins for Editor in 0.00 ms.
Unloading 17 Unused Serialized files (Serialized files now loaded: 0)
Unloading 8601 unused Assets / (4.7 MB). Loaded Objects now: 9634.
Memory consumption went from 178.2 MB to 173.5 MB.
Total: 11.507900 ms (FindLiveObjects: 0.890500 ms CreateObjectMapping: 0.740400 ms MarkObjects: 6.569500 ms  DeleteObjects: 3.305500 ms)

Prepare: number of updated asset objects reloaded= 1
========================================================================
Received Prepare
Begin MonoManager ReloadAssembly
Symbol file LoadedFromMemory is not a mono symbol file
- Loaded All Assemblies, in  0.945 seconds
Script 'GridLayout' has the same name as built-in Unity component.
AddComponent and GetComponent will not work with this script.
'Packages/com.coffee.ui-effect/Runtime/Timeline/Base/UIEffectTimelineUtils.cs' contains partial class of Unity.Object, exactly 1 of the partial classes needs to be in a file with the same filename. This is to know the one that can be referenced from ie. GameObjects
'Packages/com.coffee.ui-effect/Runtime/Timeline/Base/UIEffectTimelineUtils.cs' contains partial class of Unity.Object, exactly 1 of the partial classes needs to be in a file with the same filename. This is to know the one that can be referenced from ie. GameObjects
Refreshing native plugins compatible for Editor in 0.74 ms, found 3 plugins.
Native extension for UWP target not found
Native extension for WindowsStandalone target not found
[Package Manager] Failed to launch server process. Reason: Unity was launched with the -noUpm command-line argument
[Package Manager] Unable to send message (not connected to server process).
[Package Manager] Cannot connect to Unity Package Manager local server
[MODES] ModeService[none].Initialize
[MODES] ModeService[none].LoadModes
Mono: successfully reloaded assembly
- Finished resetting the current domain, in  0.723 seconds
Domain Reload Profiling: 1673ms
	BeginReloadAssembly (333ms)
		ExecutionOrderSort (0ms)
		DisableScriptedObjects (10ms)
		BackupInstance (0ms)
		ReleaseScriptingObjects (0ms)
		CreateAndSetChildDomain (93ms)
	RebuildCommonClasses (31ms)
	RebuildNativeTypeToScriptingClass (11ms)
	initialDomainReloadingComplete (19ms)
	LoadAllAssembliesAndSetupDomain (556ms)
		LoadAssemblies (453ms)
		RebuildTransferFunctionScriptingTraits (0ms)
		AnalyzeDomain (256ms)
			TypeCache.Refresh (13ms)
				TypeCache.ScanAssembly (0ms)
			BuildScriptInfoCaches (220ms)
			ResolveRequiredComponents (16ms)
	FinalizeReload (723ms)
		ReleaseScriptCaches (0ms)
		RebuildScriptCaches (0ms)
		SetupLoadedEditorAssemblies (570ms)
			LogAssemblyErrors (0ms)
			InitializePlatformSupportModulesInManaged (1ms)
			SetLoadedEditorAssemblies (5ms)
			BeforeProcessingInitializeOnLoad (128ms)
			ProcessInitializeOnLoadAttributes (299ms)
			ProcessInitializeOnLoadMethodAttributes (134ms)
			AfterProcessingInitializeOnLoad (2ms)
			EditorAssembliesLoaded (0ms)
		ExecutionOrderSort2 (0ms)
		AwakeInstancesAfterBackupRestoration (18ms)
Refreshing native plugins compatible for Editor in 1.67 ms, found 3 plugins.
Preloading 0 native plugins for Editor in 0.00 ms.
Unloading 17 Unused Serialized files (Serialized files now loaded: 0)
Unloading 8601 unused Assets / (4.9 MB). Loaded Objects now: 9640.
Memory consumption went from 178.3 MB to 173.4 MB.
Total: 12.448000 ms (FindLiveObjects: 0.957100 ms CreateObjectMapping: 0.865900 ms MarkObjects: 7.232600 ms  DeleteObjects: 3.390200 ms)

Prepare: number of updated asset objects reloaded= 0
========================================================================
Received Prepare
Script 'GridLayout' has the same name as built-in Unity component.
AddComponent and GetComponent will not work with this script.
'Packages/com.coffee.ui-effect/Runtime/Timeline/Base/UIEffectTimelineUtils.cs' contains partial class of Unity.Object, exactly 1 of the partial classes needs to be in a file with the same filename. This is to know the one that can be referenced from ie. GameObjects
'Packages/com.coffee.ui-effect/Runtime/Timeline/Base/UIEffectTimelineUtils.cs' contains partial class of Unity.Object, exactly 1 of the partial classes needs to be in a file with the same filename. This is to know the one that can be referenced from ie. GameObjects
Refreshing native plugins compatible for Editor in 1.41 ms, found 3 plugins.
Preloading 0 native plugins for Editor in 0.00 ms.
Unloading 17 Unused Serialized files (Serialized files now loaded: 0)
Unloading 8591 unused Assets / (5.7 MB). Loaded Objects now: 9640.
Memory consumption went from 178.4 MB to 172.8 MB.
Total: 32.718900 ms (FindLiveObjects: 0.936500 ms CreateObjectMapping: 0.847000 ms MarkObjects: 7.002600 ms  DeleteObjects: 23.931200 ms)

Prepare: number of updated asset objects reloaded= 0
Editor requested this worker to shutdown with reason: Scaling down because of idle timeout
AssetImportWorker is now disconnected from the server
Process exiting
Exiting without the bug reporter. Application will terminate with return code 0